0.0,0,1,1560.00,0.0,13.33,,,
0.0,0,2,1460.00,0.0,18.89,,,
0.0,0,2,1460.00,0.0,18.89,,,
0.0,0,3,1350.00,0.0,25.00,,,
1.0,0,4,490.00,0.0,46.11,0.00,0.00,0.00
1.0,0,5,365.00,0.0,60.00,0.00,0.00,0.00
1.0,0,5,365.00,0.0,60.00,0.00,0.00,0.00
1.0,0,6,225.00,0.0,75.56,0.00,0.00,0.00
1.0,0,7,340.00,0.0,81.11,0.00,0.00,0.00
1.0,0,7,340.00,0.0,81.11,0.00,0.00,0.00
1.0,1,8,90.00,0.0,95.00,0.00,0.00,0.00
2.0,2,7,170.00,0.0,81.67,0.00,0.00,0.00
2.0,2,8,75.00,0.0,92.22,0.00,0.00,0.00
2.0,3,9,40.00,20.0,96.11,0.00,0.00,0.00
2.0,3,9,40.00,20.0,96.11,0.00,0.00,0.00
2.0,4,9,40.00,20.0,96.11,0.00,0.00,0.00
2.0,5,9,40.00,20.0,96.11,0.00,0.00,0.00
2.0,6,9,40.00,20.0,96.11,0.00,0.00,0.00
2.0,8,9,40.00,20.0,96.11,0.00,0.00,0.00
2.0,9,9,40.00,20.0,96.11,0.00,0.00,0.00
3.0,9,8,123.33,20.0,80.56,0.00,0.00,0.00
3.0,10,9,40.00,60.0,94.44,0.00,0.00,0.00
3.0,10,9,40.00,60.0,94.44,0.00,0.00,0.00
3.0,11,9,40.00,60.0,94.44,0.00,0.00,0.00
3.0,11,9,40.00,60.0,94.44,0.00,0.00,0.00
3.0,12,9,40.00,60.0,94.44,0.00,0.00,0.00
3.0,14,9,40.00,60.0,94.44,0.00,0.00,0.00
3.0,16,9,40.00,60.0,94.44,0.00,0.00,0.00
3.0,16,9,40.00,60.0,94.44,0.00,0.00,0.00
3.0,17,9,40.00,60.0,94.44,0.00,0.00,0.00
4.0,18,8,63.33,40.0,90.56,0.00,0.00,0.00
4.0,17,9,50.00,40.0,95.00,0.00,0.00,0.00
4.0,18,9,50.00,40.0,95.00,0.00,0.00,0.00
4.0,18,9,50.00,40.0,95.00,0.00,0.00,0.00
4.0,19,9,50.00,40.0,95.00,0.00,0.00,0.00
4.0,19,10,40.00,40.0,97.78,0.00,0.00,0.00
4.0,21,10,40.00,40.0,97.78,0.00,0.00,0.00
4.0,22,10,40.00,40.0,97.78,0.00,0.00,0.00
4.0,22,10,40.00,40.0,97.78,0.00,0.00,0.00
4.0,23,10,40.00,40.0,97.78,0.00,0.00,0.00
4.0,24,10,40.00,40.0,97.78,0.00,0.00,0.00
4.0,24,10,40.00,40.0,97.78,0.00,0.00,0.00
5.0,25,9,140.00,40.0,85.00,0.00,0.00,0.00
5.0,23,12,30.00,60.0,97.22,0.00,0.00,0.00
5.0,24,12,30.00,60.0,97.22,0.00,0.00,0.00
6.0,24,11,155.00,20.0,83.33,0.00,0.00,0.00
6.0,24,13,35.00,20.0,96.67,0.00,0.00,0.00
6.0,24,13,35.00,20.0,96.67,0.00,0.00,0.00
6.0,25,13,35.00,20.0,96.67,0.00,0.00,0.00
6.0,25,13,35.00,20.0,96.67,0.00,0.00,0.00
7.0,27,12,110.00,20.0,82.78,0.00,0.00,0.00
7.0,25,14,33.33,50.0,95.56,0.00,0.00,0.00
7.0,26,14,33.33,50.0,95.56,0.00,0.00,0.00
7.0,26,14,33.33,50.0,95.56,0.00,0.00,0.00
7.0,27,14,33.33,50.0,95.56,0.00,0.00,0.00
7.0,28,14,33.33,50.0,95.56,0.00,0.00,0.00
7.0,29,14,33.33,50.0,95.56,0.00,0.00,0.00
7.0,29,14,33.33,50.0,95.56,0.00,0.00,0.00
7.0,31,14,33.33,50.0,95.56,0.00,0.00,0.00
7.0,31,14,33.33,50.0,95.56,0.00,0.00,0.00
7.0,33,14,33.33,50.0,95.56,0.00,0.00,0.00
7.0,33,14,33.33,50.0,95.56,0.00,0.00,0.00
7.0,36,14,33.33,50.0,95.56,0.00,0.00,0.00
7.0,37,14,33.33,50.0,95.56,0.00,0.00,0.00
7.0,39,14,33.33,50.0,95.56,0.00,0.00,0.00
7.0,40,14,33.33,50.0,95.56,0.00,0.00,0.00
7.0,40,14,33.33,50.0,95.56,0.00,0.00,0.00
7.0,41,14,33.33,50.0,95.56,0.00,0.00,0.00
7.0,42,14,33.33,50.0,95.56,0.00,0.00,0.00
7.0,42,14,33.33,50.0,95.56,0.00,0.00,0.00
7.0,43,14,33.33,50.0,95.56,0.00,0.00,0.00
7.0,44,14,33.33,50.0,95.56,0.00,0.00,0.00
7.0,46,14,33.33,50.0,95.56,0.00,0.00,0.00
7.0,48,14,33.33,50.0,95.56,0.00,0.00,0.00
7.0,48,14,33.33,50.0,95.56,0.00,0.00,0.00
7.0,49,14,33.33,50.0,95.56,0.00,0.00,0.00
8.0,51,13,60.00,50.0,91.11,0.00,0.00,0.00
8.0,50,14,23.33,70.0,97.22,0.00,0.00,0.00
9.0,52,13,60.00,40.0,91.11,0.00,0.00,0.00
9.0,51,14,20.00,40.0,98.33,0.00,0.00,0.00
9.0,53,14,20.00,40.0,98.33,0.00,0.00,0.00
9.0,54,14,20.00,40.0,98.33,0.00,0.00,0.00
9.0,54,14,20.00,40.0,98.33,0.00,0.00,0.00
10.0,55,13,145.00,20.0,84.44,0.00,0.00,0.00
10.0,54,15,20.00,20.0,98.89,0.00,0.00,0.00
10.0,54,15,20.00,20.0,98.89,0.00,0.00,0.00
10.0,56,15,20.00,20.0,98.89,0.00,0.00,0.00
10.0,57,15,20.00,20.0,98.89,0.00,0.00,0.00
10.0,57,15,20.00,20.0,98.89,0.00,0.00,0.00
10.0,59,15,20.00,20.0,98.89,0.00,0.00,0.00
10.0,59,15,20.00,20.0,98.89,0.00,0.00,0.00
11.0,60,14,75.00,20.0,92.22,0.00,0.00,0.00
11.0,60,15,20.00,20.0,98.89,0.00,0.00,0.00
11.0,61,15,20.00,20.0,98.89,0.00,0.00,0.00
11.0,61,15,20.00,20.0,98.89,0.00,0.00,0.00
11.0,62,15,20.00,20.0,98.89,0.00,0.00,0.00
11.0,63,15,20.00,20.0,98.89,0.00,0.00,0.00
11.0,63,15,20.00,20.0,98.89,0.00,0.00,0.00
11.0,64,15,20.00,20.0,98.89,0.00,0.00,0.00
12.0,65,14,40.00,20.0,96.11,0.00,0.00,0.00
12.0,64,15,20.00,20.0,98.89,0.00,0.00,0.00
12.0,66,15,20.00,20.0,98.89,0.00,0.00,0.00
12.0,67,15,20.00,20.0,98.89,0.00,0.00,0.00
12.0,67,15,20.00,20.0,98.89,0.00,0.00,0.00
12.0,68,15,20.00,20.0,98.89,0.00,0.00,0.00
12.0,69,15,20.00,20.0,98.89,0.00,0.00,0.00
12.0,70,15,20.00,20.0,98.89,0.00,0.00,0.00
12.0,72,15,20.00,20.0,98.89,0.00,0.00,0.00
12.0,72,15,20.00,20.0,98.89,0.00,0.00,0.00
12.0,73,15,20.00,20.0,98.89,0.00,0.00,0.00
13.0,73,14,45.00,20.0,95.56,0.00,0.00,0.00
13.0,75,15,20.00,20.0,98.89,0.00,0.00,0.00
13.0,77,15,20.00,20.0,98.89,0.00,0.00,0.00
14.0,77,14,40.00,20.0,96.11,0.00,0.00,0.00
14.0,78,15,20.00,20.0,98.89,0.00,0.00,0.00
14.0,80,15,20.00,20.0,98.89,0.00,0.00,0.00
15.0,80,14,45.00,20.0,95.56,0.00,0.00,0.00
16.0,80,14,70.00,20.0,92.78,0.00,0.00,0.00
17.0,79,14,80.00,40.0,87.78,0.00,0.00,0.00
17.0,80,15,30.00,40.0,96.11,0.00,0.00,0.00
17.0,80,15,30.00,40.0,96.11,0.00,0.00,0.00
17.0,81,15,30.00,40.0,96.11,0.00,0.00,0.00
17.0,81,15,30.00,40.0,96.11,0.00,0.00,0.00
18.0,82,14,50.00,40.0,90.56,0.00,0.00,0.00
18.0,82,15,27.50,60.0,95.56,0.00,0.00,0.00
18.0,84,15,27.50,60.0,95.56,0.00,0.00,0.00
19.0,85,14,40.00,60.0,91.11,0.00,0.00,0.00
19.0,85,15,26.00,80.0,95.00,0.00,0.00,0.00
19.0,86,15,26.00,80.0,95.00,0.00,0.00,0.00
19.0,87,15,26.00,80.0,95.00,0.00,0.00,0.00
19.0,88,15,26.00,80.0,95.00,0.00,0.00,0.00
19.0,88,15,26.00,80.0,95.00,0.00,0.00,0.00
20.0,89,14,55.00,40.0,89.44,0.00,0.00,0.00
20.0,90,15,32.50,80.0,94.44,0.00,0.00,0.00
21.0,91,14,78.00,80.0,80.56,0.00,0.00,0.00
21.0,92,15,34.00,120.0,92.78,0.00,0.00,0.00
21.0,94,15,34.00,120.0,92.78,0.00,0.00,0.00
21.0,94,15,34.00,120.0,92.78,0.00,0.00,0.00
21.0,95,15,34.00,120.0,92.78,0.00,0.00,0.00
21.0,96,15,34.00,120.0,92.78,0.00,0.00,0.00
21.0,97,15,34.00,120.0,92.78,0.00,0.00,0.00
21.0,98,15,34.00,120.0,92.78,0.00,0.00,0.00
21.0,98,15,34.00,120.0,92.78,0.00,0.00,0.00
21.0,100,15,34.00,120.0,92.78,0.00,0.00,0.00
21.0,100,15,34.00,120.0,92.78,0.00,0.00,0.00
21.0,100,15,34.00,120.0,92.78,0.00,0.00,0.00
21.0,100,15,34.00,120.0,92.78,0.00,0.00,0.00
21.0,100,15,34.00,120.0,92.78,0.00,0.00,0.00
21.0,100,15,34.00,120.0,92.78,0.00,0.00,0.00
21.0,100,15,34.00,120.0,92.78,0.00,0.00,0.00
21.0,100,15,34.00,120.0,92.78,0.00,0.00,0.00
21.0,100,15,34.00,120.0,92.78,0.00,0.00,0.00
21.0,100,15,34.00,120.0,92.78,0.00,0.00,0.00
21.0,100,15,34.00,120.0,92.78,0.00,0.00,0.00
21.0,100,15,34.00,120.0,92.78,0.00,0.00,0.00
22.0,100,14,40.00,120.0,89.44,0.00,0.00,0.00
22.0,100,15,31.67,140.0,92.22,0.00,0.00,0.00
22.0,100,15,31.67,140.0,92.22,0.00,0.00,0.00
23.0,100,14,35.71,140.0,89.44,0.00,0.00,0.00
23.0,100,15,31.67,140.0,92.22,0.00,0.00,0.00
23.0,100,15,31.67,140.0,92.22,0.00,0.00,0.00
23.0,100,15,31.67,140.0,92.22,0.00,0.00,0.00
23.0,100,15,31.67,140.0,92.22,0.00,0.00,0.00
23.0,100,15,31.67,140.0,92.22,0.00,0.00,0.00
23.0,100,15,31.67,140.0,92.22,0.00,0.00,0.00
23.0,100,15,31.67,140.0,92.22,0.00,0.00,0.00
23.0,100,15,31.67,140.0,92.22,0.00,0.00,0.00
23.0,100,15,31.67,140.0,92.22,0.00,0.00,0.00
23.0,100,15,31.67,140.0,92.22,0.00,0.00,0.00
23.0,100,15,31.67,140.0,92.22,0.00,0.00,0.00
24.0,100,14,40.00,120.0,89.44,0.00,0.00,0.00
24.0,100,15,34.00,120.0,92.78,0.00,0.00,0.00
24.0,100,15,34.00,120.0,92.78,0.00,0.00,0.00
25.0,100,14,38.33,120.0,90.00,0.00,0.00,0.00
25.0,100,15,34.00,120.0,92.78,0.00,0.00,0.00
25.0,100,15,34.00,120.0,92.78,0.00,0.00,0.00
25.0,100,15,34.00,120.0,92.78,0.00,0.00,0.00
25.0,100,15,34.00,120.0,92.78,0.00,0.00,0.00
25.0,100,15,34.00,120.0,92.78,0.00,0.00,0.00
25.0,100,15,34.00,120.0,92.78,0.00,0.00,0.00
25.0,100,15,34.00,120.0,92.78,0.00,0.00,0.00
25.0,100,15,34.00,120.0,92.78,0.00,0.00,0.00
25.0,100,15,34.00,120.0,92.78,0.00,0.00,0.00
25.0,100,15,34.00,120.0,92.78,0.00,0.00,0.00
25.0,100,15,34.00,120.0,92.78,0.00,0.00,0.00
25.0,100,15,34.00,120.0,92.78,0.00,0.00,0.00
25.0,100,15,34.00,120.0,92.78,0.00,0.00,0.00
26.0,100,14,76.00,100.0,81.11,0.00,0.00,0.00
26.0,100,15,38.00,140.0,91.67,0.00,0.00,0.00
26.0,100,15,38.00,140.0,91.67,0.00,0.00,0.00
27.0,100,14,74.00,100.0,81.67,0.00,0.00,0.00
27.0,100,15,40.00,100.0,91.11,0.00,0.00,0.00
27.0,100,15,40.00,100.0,91.11,0.00,0.00,0.00
27.0,100,15,40.00,100.0,91.11,0.00,0.00,0.00
27.0,100,15,40.00,100.0,91.11,0.00,0.00,0.00
27.0,100,15,40.00,100.0,91.11,0.00,0.00,0.00
27.0,100,15,40.00,100.0,91.11,0.00,0.00,0.00
27.0,100,15,40.00,100.0,91.11,0.00,0.00,0.00
27.0,100,15,40.00,100.0,91.11,0.00,0.00,0.00
28.0,100,14,48.33,100.0,86.67,35.00,33.04,1.96
28.0,100,15,40.00,100.0,91.11,35.00,33.04,1.96
28.0,100,15,40.00,100.0,91.11,35.00,33.04,1.96
28.0,100,15,40.00,100.0,91.11,35.00,33.04,1.96
28.0,100,15,40.00,100.0,91.11,35.00,33.04,1.96
29.0,100,14,50.00,100.0,88.33,57.93,54.83,3.10
29.0,100,15,36.00,130.0,92.22,57.93,54.83,3.10
29.0,100,15,36.00,130.0,92.22,57.93,54.83,3.10
29.0,100,15,36.00,130.0,92.22,57.93,54.83,3.10
29.0,100,15,36.00,130.0,92.22,57.93,54.83,3.10
30.0,100,14,68.33,130.0,80.00,86.83,83.00,3.83
30.0,100,16,35.00,160.0,91.11,86.83,83.00,3.83
31.0,100,15,55.00,120.0,84.44,115.32,110.32,5.00
32.0,100,15,51.67,120.0,85.56,142.81,136.56,6.25
32.0,100,16,33.33,150.0,91.67,142.81,136.56,6.25
32.0,100,16,33.33,150.0,91.67,142.81,136.56,6.25
32.0,100,16,33.33,150.0,91.67,142.81,136.56,6.25
32.0,100,16,33.33,150.0,91.67,142.81,136.56,6.25
32.0,100,16,33.33,150.0,91.67,142.81,136.56,6.25
32.0,100,16,33.33,150.0,91.67,142.81,136.56,6.25
32.0,100,16,33.33,150.0,91.67,142.81,136.56,6.25
32.0,100,16,33.33,150.0,91.67,142.81,136.56,6.25
32.0,100,16,33.33,150.0,91.67,142.81,136.56,6.25
32.0,100,16,33.33,150.0,91.67,142.81,136.56,6.25
32.0,100,16,33.33,150.0,91.67,142.81,136.56,6.25
33.0,100,15,44.29,150.0,86.11,165.76,159.55,6.21
34.0,100,15,50.00,120.0,86.11,186.03,179.85,6.18
34.0,100,16,31.67,140.0,92.22,186.03,179.85,6.18
34.0,100,16,31.67,140.0,92.22,186.03,179.85,6.18
34.0,100,16,31.67,140.0,92.22,186.03,179.85,6.18
34.0,100,16,31.67,140.0,92.22,186.03,179.85,6.18
34.0,100,16,31.67,140.0,92.22,186.03,179.85,6.18
34.0,100,16,31.67,140.0,92.22,186.03,179.85,6.18
34.0,100,16,31.67,140.0,92.22,186.03,179.85,6.18
34.0,100,16,31.67,140.0,92.22,186.03,179.85,6.18
35.0,100,15,40.00,100.0,89.44,197.29,190.71,6.57
35.0,100,16,30.00,100.0,93.89,197.29,190.71,6.57
35.0,100,16,30.00,100.0,93.89,197.29,190.71,6.57
36.0,100,15,42.00,100.0,90.56,216.53,209.03,7.50
36.0,100,16,24.00,120.0,95.56,216.53,209.03,7.50
36.0,100,16,24.00,120.0,95.56,216.53,209.03,7.50
36.0,100,16,24.00,120.0,95.56,216.53,209.03,7.50
36.0,100,16,24.00,120.0,95.56,216.53,209.03,7.50
37.0,100,15,55.00,80.0,89.44,241.35,232.57,8.78
37.0,100,16,26.67,80.0,96.67,241.35,232.57,8.78
37.0,100,16,26.67,80.0,96.67,241.35,232.57,8.78
38.0,100,15,56.67,50.0,91.67,264.61,255.00,9.61
38.0,100,16,23.33,70.0,97.22,264.61,255.00,9.61
38.0,100,16,23.33,70.0,97.22,264.61,255.00,9.61
38.0,100,16,23.33,70.0,97.22,264.61,255.00,9.61
38.0,100,16,23.33,70.0,97.22,264.61,255.00,9.61
38.0,100,16,23.33,70.0,97.22,264.61,255.00,9.61
38.0,100,16,23.33,70.0,97.22,264.61,255.00,9.61
38.0,100,16,23.33,70.0,97.22,264.61,255.00,9.61
39.0,100,15,42.50,70.0,92.22,280.77,271.28,9.49
39.0,100,16,23.33,70.0,97.22,280.77,271.28,9.49
40.0,100,15,57.50,70.0,88.89,301.38,291.00,10.38
41.0,100,16,45.00,70.0,91.67,316.95,306.59,10.37
41.0,100,17,23.33,70.0,97.22,316.95,306.59,10.37
41.0,100,17,23.33,70.0,97.22,316.95,306.59,10.37
41.0,100,17,23.33,70.0,97.22,316.95,306.59,10.37
41.0,100,17,23.33,70.0,97.22,316.95,306.59,10.37
42.0,100,16,56.67,50.0,91.67,331.19,320.95,10.24
42.0,100,17,25.00,50.0,97.78,331.19,320.95,10.24
42.0,100,17,25.00,50.0,97.78,331.19,320.95,10.24
42.0,100,17,25.00,50.0,97.78,331.19,320.95,10.24
42.0,100,17,25.00,50.0,97.78,331.19,320.95,10.24
42.0,100,17,25.00,50.0,97.78,331.19,320.95,10.24
42.0,100,17,25.00,50.0,97.78,331.19,320.95,10.24
42.0,100,17,25.00,50.0,97.78,331.19,320.95,10.24
42.0,100,17,25.00,50.0,97.78,331.19,320.95,10.24
42.0,100,17,25.00,50.0,97.78,331.19,320.95,10.24
42.0,100,17,25.00,50.0,97.78,331.19,320.95,10.24
42.0,100,17,25.00,50.0,97.78,331.19,320.95,10.24
42.0,100,17,25.00,50.0,97.78,331.19,320.95,10.24
42.0,100,17,25.00,50.0,97.78,331.19,320.95,10.24
42.0,100,17,25.00,50.0,97.78,331.19,320.95,10.24
42.0,100,17,25.00,50.0,97.78,331.19,320.95,10.24
42.0,100,17,25.00,50.0,97.78,331.19,320.95,10.24
42.0,100,17,25.00,50.0,97.78,331.19,320.95,10.24
42.0,100,17,25.00,50.0,97.78,331.19,320.95,10.24
42.0,100,17,25.00,50.0,97.78,331.19,320.95,10.24
42.0,100,17,25.00,50.0,97.78,331.19,320.95,10.24
42.0,100,17,25.00,50.0,97.78,331.19,320.95,10.24
42.0,100,17,25.00,50.0,97.78,331.19,320.95,10.24
42.0,100,17,25.00,50.0,97.78,331.19,320.95,10.24
42.0,100,17,25.00,50.0,97.78,331.19,320.95,10.24
42.0,100,17,25.00,50.0,97.78,331.19,320.95,10.24
43.0,100,16,50.00,50.0,92.78,354.07,342.91,11.16
43.0,100,17,25.00,50.0,97.78,354.07,342.91,11.16
43.0,100,17,25.00,50.0,97.78,354.07,342.91,11.16
43.0,100,17,25.00,50.0,97.78,354.07,342.91,11.16
43.0,100,17,25.00,50.0,97.78,354.07,342.91,11.16
43.0,100,17,25.00,50.0,97.78,354.07,342.91,11.16
43.0,100,17,25.00,50.0,97.78,354.07,342.91,11.16
43.0,100,17,25.00,50.0,97.78,354.07,342.91,11.16
43.0,100,17,25.00,50.0,97.78,354.07,342.91,11.16
43.0,100,17,25.00,50.0,97.78,354.07,342.91,11.16
43.0,100,17,25.00,50.0,97.78,354.07,342.91,11.16
44.0,100,16,43.33,50.0,93.89,377.61,365.45,12.16
44.0,100,17,23.33,70.0,97.22,377.61,365.45,12.16
44.0,100,17,23.33,70.0,97.22,377.61,365.45,12.16
44.0,100,17,23.33,70.0,97.22,377.61,365.45,12.16
45.0,100,16,80.00,50.0,87.78,391.33,378.67,12.67
45.0,100,18,26.67,80.0,96.67,391.33,378.67,12.67
45.0,100,18,26.67,80.0,96.67,391.33,378.67,12.67
45.0,100,18,26.67,80.0,96.67,391.33,378.67,12.67
45.0,100,18,26.67,80.0,96.67,391.33,378.67,12.67
45.0,100,18,26.67,80.0,96.67,391.33,378.67,12.67
46.0,100,17,50.00,80.0,90.56,410.22,397.28,12.93
46.0,100,18,25.00,100.0,96.11,410.22,397.28,12.93
46.0,100,18,25.00,100.0,96.11,410.22,397.28,12.93
46.0,100,18,25.00,100.0,96.11,410.22,397.28,12.93
46.0,100,18,25.00,100.0,96.11,410.22,397.28,12.93
46.0,100,18,25.00,100.0,96.11,410.22,397.28,12.93
47.0,100,17,34.00,100.0,92.78,424.15,410.53,13.62
47.0,100,17,34.00,100.0,92.78,424.15,410.53,13.62
48.0,100,16,72.00,80.0,82.22,436.25,422.08,14.17
48.0,100,17,44.00,80.0,90.00,436.25,422.08,14.17
48.0,100,17,44.00,80.0,90.00,436.25,422.08,14.17
48.0,100,17,44.00,80.0,90.00,436.25,422.08,14.17
48.0,100,17,44.00,80.0,90.00,436.25,422.08,14.17
48.0,100,17,44.00,80.0,90.00,436.25,422.08,14.17
49.0,100,16,53.33,80.0,85.00,447.65,433.57,14.08
49.0,100,17,44.00,80.0,90.00,447.65,433.57,14.08
49.0,100,17,44.00,80.0,90.00,447.65,433.57,14.08
49.0,100,17,44.00,80.0,90.00,447.65,433.57,14.08
49.0,100,17,44.00,80.0,90.00,447.65,433.57,14.08
50.0,100,16,60.00,80.0,82.78,465.60,451.30,14.30
50.0,100,17,43.33,120.0,88.33,465.60,451.30,14.30
50.0,100,17,43.33,120.0,88.33,465.60,451.30,14.30
50.0,100,17,43.33,120.0,88.33,465.60,451.30,14.30
50.0,100,17,43.33,120.0,88.33,465.60,451.30,14.30
50.0,100,17,43.33,120.0,88.33,465.60,451.30,14.30
50.0,100,17,43.33,120.0,88.33,465.60,451.30,14.30
50.0,100,17,43.33,120.0,88.33,465.60,451.30,14.30
51.0,100,16,48.57,120.0,84.44,485.69,470.88,14.80
51.0,100,17,43.33,120.0,88.33,485.69,470.88,14.80
51.0,100,17,43.33,120.0,88.33,485.69,470.88,14.80
51.0,100,17,43.33,120.0,88.33,485.69,470.88,14.80
51.0,100,17,43.33,120.0,88.33,485.69,470.88,14.80
52.0,100,16,52.86,120.0,82.78,498.17,483.17,15.00
52.0,100,17,40.00,140.0,87.78,498.17,483.17,15.00
52.0,100,17,40.00,140.0,87.78,498.17,483.17,15.00
52.0,100,17,40.00,140.0,87.78,498.17,483.17,15.00
52.0,100,17,40.00,140.0,87.78,498.17,483.17,15.00
52.0,100,17,40.00,140.0,87.78,498.17,483.17,15.00
53.0,100,16,55.71,110.0,81.67,516.60,501.13,15.47
53.0,100,17,38.57,130.0,88.33,516.60,501.13,15.47
54.0,100,16,56.67,110.0,83.89,536.76,520.74,16.02
54.0,100,17,33.33,130.0,91.67,536.76,520.74,16.02
54.0,100,17,33.33,130.0,91.67,536.76,520.74,16.02
54.0,100,17,33.33,130.0,91.67,536.76,520.74,16.02
54.0,100,17,33.33,130.0,91.67,536.76,520.74,16.02
55.0,100,16,51.67,110.0,85.56,547.18,531.18,16.00
55.0,100,17,36.00,110.0,92.22,547.18,531.18,16.00
55.0,100,17,36.00,110.0,92.22,547.18,531.18,16.00
55.0,100,17,36.00,110.0,92.22,547.18,531.18,16.00
55.0,100,17,36.00,110.0,92.22,547.18,531.18,16.00
55.0,100,17,36.00,110.0,92.22,547.18,531.18,16.00
55.0,100,17,36.00,110.0,92.22,547.18,531.18,16.00
56.0,100,16,48.33,110.0,86.67,560.00,544.02,15.98
56.0,100,17,33.33,130.0,91.67,560.00,544.02,15.98
57.0,100,16,51.43,130.0,83.33,578.25,561.75,16.49
57.0,100,17,38.57,130.0,88.33,578.25,561.75,16.49
57.0,100,17,38.57,130.0,88.33,578.25,561.75,16.49
57.0,100,17,38.57,130.0,88.33,578.25,561.75,16.49
57.0,100,17,38.57,130.0,88.33,578.25,561.75,16.49
57.0,100,17,38.57,130.0,88.33,578.25,561.75,16.49
57.0,100,17,38.57,130.0,88.33,578.25,561.75,16.49
57.0,100,17,38.57,130.0,88.33,578.25,561.75,16.49
57.0,100,17,38.57,130.0,88.33,578.25,561.75,16.49
57.0,100,17,38.57,130.0,88.33,578.25,561.75,16.49
57.0,100,17,38.57,130.0,88.33,578.25,561.75,16.49
57.0,100,17,38.57,130.0,88.33,578.25,561.75,16.49
57.0,100,17,38.57,130.0,88.33,578.25,561.75,16.49
58.0,100,16,45.71,110.0,85.56,589.74,572.93,16.81
58.0,100,16,45.71,110.0,85.56,589.74,572.93,16.81
59.0,100,15,58.57,90.0,80.56,599.92,583.31,16.61
59.0,100,16,47.14,120.0,85.00,599.92,583.31,16.61
59.0,100,16,47.14,120.0,85.00,599.92,583.31,16.61
59.0,100,16,47.14,120.0,85.00,599.92,583.31,16.61
60.0,100,15,56.25,120.0,78.89,613.92,597.00,16.92
60.0,100,16,47.14,120.0,85.00,613.92,597.00,16.92
60.0,100,16,47.14,120.0,85.00,613.92,597.00,16.92
61.0,100,15,67.14,120.0,77.22,622.70,605.74,16.97
61.0,100,17,43.33,120.0,88.33,622.70,605.74,16.97
61.0,100,17,43.33,120.0,88.33,622.70,605.74,16.97
61.0,100,17,43.33,120.0,88.33,622.70,605.74,16.97
61.0,100,17,43.33,120.0,88.33,622.70,605.74,16.97
62.0,100,16,58.33,90.0,83.33,635.16,617.82,17.34
62.0,100,17,46.00,90.0,89.44,635.16,617.82,17.34
62.0,100,17,46.00,90.0,89.44,635.16,617.82,17.34
63.0,100,16,56.67,90.0,83.89,650.32,632.62,17.70
63.0,100,17,45.00,130.0,87.78,650.32,632.62,17.70
63.0,100,17,45.00,130.0,87.78,650.32,632.62,17.70
63.0,100,17,45.00,130.0,87.78,650.32,632.62,17.70
63.0,100,17,45.00,130.0,87.78,650.32,632.62,17.70
63.0,100,17,45.00,130.0,87.78,650.32,632.62,17.70
63.0,100,17,45.00,130.0,87.78,650.32,632.62,17.70
63.0,100,17,45.00,130.0,87.78,650.32,632.62,17.70
63.0,100,17,45.00,130.0,87.78,650.32,632.62,17.70
63.0,100,17,45.00,130.0,87.78,650.32,632.62,17.70
64.0,100,16,51.43,130.0,83.33,665.16,646.95,18.20
65.0,100,16,56.67,130.0,83.89,669.00,650.77,18.23
65.0,100,17,38.33,160.0,90.00,669.00,650.77,18.23
65.0,100,17,38.33,160.0,90.00,669.00,650.77,18.23
65.0,100,17,38.33,160.0,90.00,669.00,650.77,18.23
65.0,100,17,38.33,160.0,90.00,669.00,650.77,18.23
65.0,100,17,38.33,160.0,90.00,669.00,650.77,18.23
65.0,100,17,38.33,160.0,90.00,669.00,650.77,18.23
65.0,100,17,38.33,160.0,90.00,669.00,650.77,18.23
65.0,100,17,38.33,160.0,90.00,669.00,650.77,18.23
65.0,100,17,38.33,160.0,90.00,669.00,650.77,18.23
65.0,100,17,38.33,160.0,90.00,669.00,650.77,18.23
65.0,100,17,38.33,160.0,90.00,669.00,650.77,18.23
65.0,100,17,38.33,160.0,90.00,669.00,650.77,18.23
65.0,100,17,38.33,160.0,90.00,669.00,650.77,18.23
65.0,100,17,38.33,160.0,90.00,669.00,650.77,18.23
65.0,100,17,38.33,160.0,90.00,669.00,650.77,18.23
65.0,100,17,38.33,160.0,90.00,669.00,650.77,18.23
65.0,100,17,38.33,160.0,90.00,669.00,650.77,18.23
65.0,100,17,38.33,160.0,90.00,669.00,650.77,18.23
65.0,100,17,38.33,160.0,90.00,669.00,650.77,18.23
65.0,100,17,38.33,160.0,90.00,669.00,650.77,18.23
65.0,100,17,38.33,160.0,90.00,669.00,650.77,18.23
65.0,100,17,38.33,160.0,90.00,669.00,650.77,18.23
65.0,100,17,38.33,160.0,90.00,669.00,650.77,18.23
65.0,100,17,38.33,160.0,90.00,669.00,650.77,18.23
65.0,100,17,38.33,160.0,90.00,669.00,650.77,18.23
65.0,100,17,38.33,160.0,90.00,669.00,650.77,18.23
65.0,100,17,38.33,160.0,90.00,669.00,650.77,18.23
65.0,100,17,38.33,160.0,90.00,669.00,650.77,18.23
66.0,100,16,61.67,140.0,82.22,684.32,665.98,18.33
66.0,100,17,40.00,170.0,89.44,684.32,665.98,18.33
66.0,100,17,40.00,170.0,89.44,684.32,665.98,18.33
66.0,100,17,40.00,170.0,89.44,684.32,665.98,18.33
66.0,100,17,40.00,170.0,89.44,684.32,665.98,18.33
66.0,100,17,40.00,170.0,89.44,684.32,665.98,18.33
67.0,100,16,60.00,140.0,82.78,699.33,680.90,18.43
68.0,100,16,46.67,140.0,87.22,710.51,691.76,18.75
68.0,100,16,46.67,140.0,87.22,710.51,691.76,18.75
68.0,100,16,46.67,140.0,87.22,710.51,691.76,18.75
69.0,100,15,54.29,140.0,82.22,722.90,703.99,18.91
70.0,100,15,58.33,100.0,83.33,726.93,708.07,18.86
70.0,100,16,43.33,120.0,88.33,726.93,708.07,18.86
70.0,100,16,43.33,120.0,88.33,726.93,708.07,18.86
70.0,100,16,43.33,120.0,88.33,726.93,708.07,18.86
71.0,100,15,63.33,120.0,81.67,743.94,724.93,19.01
71.0,100,16,35.00,140.0,91.11,743.94,724.93,19.01
71.0,100,16,35.00,140.0,91.11,743.94,724.93,19.01
72.0,100,15,45.00,110.0,87.78,756.32,736.94,19.38
73.0,100,15,55.00,110.0,84.44,764.32,744.93,19.38
73.0,100,16,33.33,130.0,91.67,764.32,744.93,19.38
73.0,100,16,33.33,130.0,91.67,764.32,744.93,19.38
73.0,100,16,33.33,130.0,91.67,764.32,744.93,19.38
73.0,100,16,33.33,130.0,91.67,764.32,744.93,19.38
73.0,100,16,33.33,130.0,91.67,764.32,744.93,19.38
73.0,100,16,33.33,130.0,91.67,764.32,744.93,19.38
73.0,100,16,33.33,130.0,91.67,764.32,744.93,19.38
73.0,100,16,33.33,130.0,91.67,764.32,744.93,19.38
73.0,100,16,33.33,130.0,91.67,764.32,744.93,19.38
73.0,100,16,33.33,130.0,91.67,764.32,744.93,19.38
73.0,100,16,33.33,130.0,91.67,764.32,744.93,19.38
73.0,100,16,33.33,130.0,91.67,764.32,744.93,19.38
74.0,100,15,51.67,100.0,85.56,776.76,757.30,19.46
74.0,100,16,31.67,120.0,92.22,776.76,757.30,19.46
74.0,100,16,31.67,120.0,92.22,776.76,757.30,19.46
74.0,100,16,31.67,120.0,92.22,776.76,757.30,19.46
74.0,100,16,31.67,120.0,92.22,776.76,757.30,19.46
74.0,100,16,31.67,120.0,92.22,776.76,757.30,19.46
74.0,100,16,31.67,120.0,92.22,776.76,757.30,19.46
74.0,100,16,31.67,120.0,92.22,776.76,757.30,19.46
74.0,100,16,31.67,120.0,92.22,776.76,757.30,19.46
74.0,100,16,31.67,120.0,92.22,776.76,757.30,19.46
74.0,100,16,31.67,120.0,92.22,776.76,757.30,19.46
74.0,100,16,31.67,120.0,92.22,776.76,757.30,19.46
74.0,100,16,31.67,120.0,92.22,776.76,757.30,19.46
75.0,100,15,48.33,80.0,86.67,790.27,770.47,19.80
76.0,100,15,41.67,80.0,88.89,802.43,782.43,20.00
76.0,100,17,22.00,110.0,96.11,802.43,782.43,20.00
76.0,100,17,22.00,110.0,96.11,802.43,782.43,20.00
76.0,100,17,22.00,110.0,96.11,802.43,782.43,20.00
76.0,100,17,22.00,110.0,96.11,802.43,782.43,20.00
76.0,100,17,22.00,110.0,96.11,802.43,782.43,20.00
76.0,100,17,22.00,110.0,96.11,802.43,782.43,20.00
76.0,100,17,22.00,110.0,96.11,802.43,782.43,20.00
76.0,100,17,22.00,110.0,96.11,802.43,782.43,20.00
76.0,100,17,22.00,110.0,96.11,802.43,782.43,20.00
76.0,100,17,22.00,110.0,96.11,802.43,782.43,20.00
77.0,100,16,40.00,90.0,91.11,816.17,795.78,20.39
77.0,100,17,22.50,90.0,96.67,816.17,795.78,20.39
77.0,100,17,22.50,90.0,96.67,816.17,795.78,20.39
78.0,100,16,42.50,70.0,92.22,826.60,806.03,20.58
78.0,100,17,25.00,100.0,96.11,826.60,806.03,20.58
78.0,100,17,25.00,100.0,96.11,826.60,806.03,20.58
78.0,100,17,25.00,100.0,96.11,826.60,806.03,20.58
78.0,100,17,25.00,100.0,96.11,826.60,806.03,20.58
78.0,100,17,25.00,100.0,96.11,826.60,806.03,20.58
78.0,100,17,25.00,100.0,96.11,826.60,806.03,20.58
78.0,100,17,25.00,100.0,96.11,826.60,806.03,20.58
78.0,100,17,25.00,100.0,96.11,826.60,806.03,20.58
78.0,100,17,25.00,100.0,96.11,826.60,806.03,20.58
78.0,100,17,25.00,100.0,96.11,826.60,806.03,20.58
78.0,100,17,25.00,100.0,96.11,826.60,806.03,20.58
78.0,100,17,25.00,100.0,96.11,826.60,806.03,20.58
78.0,100,17,25.00,100.0,96.11,826.60,806.03,20.58
78.0,100,17,25.00,100.0,96.11,826.60,806.03,20.58
78.0,100,17,25.00,100.0,96.11,826.60,806.03,20.58
78.0,100,17,25.00,100.0,96.11,826.60,806.03,20.58
78.0,100,17,25.00,100.0,96.11,826.60,806.03,20.58
78.0,100,17,25.00,100.0,96.11,826.60,806.03,20.58
78.0,100,17,25.00,100.0,96.11,826.60,806.03,20.58
78.0,100,17,25.00,100.0,96.11,826.60,806.03,20.58
78.0,100,17,25.00,100.0,96.11,826.60,806.03,20.58
78.0,100,17,25.00,100.0,96.11,826.60,806.03,20.58
78.0,100,17,25.00,100.0,96.11,826.60,806.03,20.58
78.0,100,17,25.00,100.0,96.11,826.60,806.03,20.58
78.0,100,17,25.00,100.0,96.11,826.60,806.03,20.58
79.0,100,16,42.50,80.0,92.22,834.62,813.80,20.82
79.0,100,17,25.00,100.0,96.11,834.62,813.80,20.82
79.0,100,17,25.00,100.0,96.11,834.62,813.80,20.82
79.0,100,17,25.00,100.0,96.11,834.62,813.80,20.82
79.0,100,17,25.00,100.0,96.11,834.62,813.80,20.82
79.0,100,17,25.00,100.0,96.11,834.62,813.80,20.82
79.0,100,17,25.00,100.0,96.11,834.62,813.80,20.82
79.0,100,17,25.00,100.0,96.11,834.62,813.80,20.82
80.0,100,16,42.50,70.0,92.22,835.94,815.25,20.69
80.0,100,17,22.50,90.0,96.67,835.94,815.25,20.69
80.0,100,17,22.50,90.0,96.67,835.94,815.25,20.69
80.0,100,17,22.50,90.0,96.67,835.94,815.25,20.69
80.0,100,17,22.50,90.0,96.67,835.94,815.25,20.69
80.0,100,17,22.50,90.0,96.67,835.94,815.25,20.69
80.0,100,17,22.50,90.0,96.67,835.94,815.25,20.69
80.0,100,17,22.50,90.0,96.67,835.94,815.25,20.69
80.0,100,17,22.50,90.0,96.67,835.94,815.25,20.69
80.0,100,17,22.50,90.0,96.67,835.94,815.25,20.69
80.0,100,17,22.50,90.0,96.67,835.94,815.25,20.69
80.0,100,17,22.50,90.0,96.67,835.94,815.25,20.69
80.0,100,17,22.50,90.0,96.67,835.94,815.25,20.69
80.0,100,17,22.50,90.0,96.67,835.94,815.25,20.69
80.0,100,17,22.50,90.0,96.67,835.94,815.25,20.69
80.0,100,17,22.50,90.0,96.67,835.94,815.25,20.69
80.0,100,17,22.50,90.0,96.67,835.94,815.25,20.69
81.0,100,16,42.50,70.0,92.22,834.38,813.89,20.49
81.0,100,17,22.50,90.0,96.67,834.38,813.89,20.49
81.0,100,17,22.50,90.0,96.67,834.38,813.89,20.49
81.0,100,17,22.50,90.0,96.67,834.38,813.89,20.49
81.0,100,17,22.50,90.0,96.67,834.38,813.89,20.49
81.0,100,17,22.50,90.0,96.67,834.38,813.89,20.49
81.0,100,17,22.50,90.0,96.67,834.38,813.89,20.49
81.0,100,17,22.50,90.0,96.67,834.38,813.89,20.49
81.0,100,17,22.50,90.0,96.67,834.38,813.89,20.49
81.0,100,17,22.50,90.0,96.67,834.38,813.89,20.49
82.0,100,16,42.50,70.0,92.22,842.93,822.13,20.79
82.0,100,17,23.33,70.0,97.22,842.93,822.13,20.79
82.0,100,17,23.33,70.0,97.22,842.93,822.13,20.79
83.0,100,16,47.50,70.0,91.11,858.55,837.41,21.14
83.0,100,17,23.33,70.0,97.22,858.55,837.41,21.14
83.0,100,17,23.33,70.0,97.22,858.55,837.41,21.14
83.0,100,17,23.33,70.0,97.22,858.55,837.41,21.14
84.0,100,16,50.00,50.0,92.78,853.27,832.32,20.95
84.0,100,16,50.00,50.0,92.78,853.27,832.32,20.95
84.0,100,16,50.00,50.0,92.78,853.27,832.32,20.95
84.0,100,16,50.00,50.0,92.78,853.27,832.32,20.95
84.0,100,16,50.00,50.0,92.78,853.27,832.32,20.95
84.0,100,16,50.00,50.0,92.78,853.27,832.32,20.95
84.0,100,16,50.00,50.0,92.78,853.27,832.32,20.95
84.0,100,16,50.00,50.0,92.78,853.27,832.32,20.95
84.0,100,16,50.00,50.0,92.78,853.27,832.32,20.95
84.0,100,16,50.00,50.0,92.78,853.27,832.32,20.95
84.0,100,16,50.00,50.0,92.78,853.27,832.32,20.95
85.0,100,15,67.50,50.0,86.67,862.53,841.24,21.29
85.0,100,16,42.50,70.0,92.22,862.53,841.24,21.29
85.0,100,16,42.50,70.0,92.22,862.53,841.24,21.29
85.0,100,16,42.50,70.0,92.22,862.53,841.24,21.29
85.0,100,16,42.50,70.0,92.22,862.53,841.24,21.29
85.0,100,16,42.50,70.0,92.22,862.53,841.24,21.29
85.0,100,16,42.50,70.0,92.22,862.53,841.24,21.29
85.0,100,16,42.50,70.0,92.22,862.53,841.24,21.29
85.0,100,16,42.50,70.0,92.22,862.53,841.24,21.29
85.0,100,16,42.50,70.0,92.22,862.53,841.24,21.29
85.0,100,16,42.50,70.0,92.22,862.53,841.24,21.29
85.0,100,16,42.50,70.0,92.22,862.53,841.24,21.29
85.0,100,16,42.50,70.0,92.22,862.53,841.24,21.29
86.0,100,15,62.00,70.0,85.00,879.30,857.79,21.51
86.0,100,16,40.00,100.0,91.11,879.30,857.79,21.51
86.0,100,16,40.00,100.0,91.11,879.30,857.79,21.51
86.0,100,16,40.00,100.0,91.11,879.30,857.79,21.51
87.0,100,15,66.00,100.0,83.89,897.01,875.23,21.78
87.0,100,16,34.00,100.0,92.78,897.01,875.23,21.78
88.0,100,15,46.67,100.0,87.22,902.39,880.51,21.88
88.0,100,16,34.00,100.0,92.78,902.39,880.51,21.88
88.0,100,16,34.00,100.0,92.78,902.39,880.51,21.88
88.0,100,16,34.00,100.0,92.78,902.39,880.51,21.88
88.0,100,16,34.00,100.0,92.78,902.39,880.51,21.88
89.0,100,15,46.00,100.0,89.44,899.27,877.25,22.02
90.0,100,15,70.00,70.0,86.11,908.67,886.39,22.28
91.0,100,15,60.00,50.0,88.33,920.99,898.52,22.47
92.0,100,15,62.50,70.0,87.78,936.47,913.70,22.77
92.0,100,16,23.33,70.0,97.22,936.47,913.70,22.77
92.0,100,16,23.33,70.0,97.22,936.47,913.70,22.77
92.0,100,16,23.33,70.0,97.22,936.47,913.70,22.77
92.0,100,16,23.33,70.0,97.22,936.47,913.70,22.77
92.0,100,16,23.33,70.0,97.22,936.47,913.70,22.77
92.0,100,16,23.33,70.0,97.22,936.47,913.70,22.77
92.0,100,16,23.33,70.0,97.22,936.47,913.70,22.77
92.0,100,16,23.33,70.0,97.22,936.47,913.70,22.77
92.0,100,16,23.33,70.0,97.22,936.47,913.70,22.77
92.0,100,16,23.33,70.0,97.22,936.47,913.70,22.77
92.0,100,16,23.33,70.0,97.22,936.47,913.70,22.77
92.0,100,16,23.33,70.0,97.22,936.47,913.70,22.77
93.0,100,15,60.00,50.0,91.11,938.66,916.08,22.58
94.0,100,15,60.00,70.0,88.33,933.72,911.33,22.39
94.0,100,16,22.50,90.0,96.67,933.72,911.33,22.39
94.0,100,16,22.50,90.0,96.67,933.72,911.33,22.39
94.0,100,16,22.50,90.0,96.67,933.72,911.33,22.39
94.0,100,16,22.50,90.0,96.67,933.72,911.33,22.39
94.0,100,16,22.50,90.0,96.67,933.72,911.33,22.39
94.0,100,16,22.50,90.0,96.67,933.72,911.33,22.39
94.0,100,16,22.50,90.0,96.67,933.72,911.33,22.39
94.0,100,16,22.50,90.0,96.67,933.72,911.33,22.39
94.0,100,16,22.50,90.0,96.67,933.72,911.33,22.39
94.0,100,16,22.50,90.0,96.67,933.72,911.33,22.39
95.0,100,15,38.00,90.0,91.67,942.16,919.42,22.74
96.0,100,15,36.67,120.0,90.56,949.90,926.82,23.07
97.0,100,15,41.43,150.0,87.22,961.86,938.56,23.30
97.0,100,16,25.00,150.0,95.00,961.86,938.56,23.30
97.0,100,16,25.00,150.0,95.00,961.86,938.56,23.30
97.0,100,16,25.00,150.0,95.00,961.86,938.56,23.30
97.0,100,16,25.00,150.0,95.00,961.86,938.56,23.30
97.0,100,16,25.00,150.0,95.00,961.86,938.56,23.30
98.0,100,15,32.86,150.0,91.11,969.08,945.46,23.62
98.0,100,15,32.86,150.0,91.11,969.08,945.46,23.62
99.0,100,14,42.86,120.0,87.22,974.14,950.40,23.74
99.0,100,16,25.00,150.0,95.00,974.14,950.40,23.74
99.0,100,16,25.00,150.0,95.00,974.14,950.40,23.74
99.0,100,16,25.00,150.0,95.00,974.14,950.40,23.74
99.0,100,16,25.00,150.0,95.00,974.14,950.40,23.74
99.0,100,16,25.00,150.0,95.00,974.14,950.40,23.74
100.0,100,15,36.67,120.0,91.11,967.20,943.65,23.55
100.0,100,15,36.67,120.0,91.11,967.20,943.65,23.55
100.0,100,15,36.67,120.0,91.11,967.20,943.65,23.55
101.0,100,14,42.86,120.0,87.22,973.71,949.90,23.81
101.0,100,14,42.86,120.0,87.22,973.71,949.90,23.81
101.0,100,14,42.86,120.0,87.22,973.71,949.90,23.81
101.0,100,14,42.86,120.0,87.22,973.71,949.90,23.81
101.0,100,14,42.86,120.0,87.22,973.71,949.90,23.81
101.0,100,14,42.86,120.0,87.22,973.71,949.90,23.81
101.0,100,14,42.86,120.0,87.22,973.71,949.90,23.81
101.0,100,14,42.86,120.0,87.22,973.71,949.90,23.81
101.0,100,14,42.86,120.0,87.22,973.71,949.90,23.81
101.0,100,14,42.86,120.0,87.22,973.71,949.90,23.81
101.0,100,14,42.86,120.0,87.22,973.71,949.90,23.81
101.0,100,14,42.86,120.0,87.22,973.71,949.90,23.81
101.0,100,14,42.86,120.0,87.22,973.71,949.90,23.81
101.0,100,14,42.86,120.0,87.22,973.71,949.90,23.81
102.0,100,13,55.00,120.0,79.44,983.63,959.95,23.68
102.0,100,14,42.50,160.0,85.00,983.63,959.95,23.68
102.0,100,14,42.50,160.0,85.00,983.63,959.95,23.68
102.0,100,14,42.50,160.0,85.00,983.63,959.95,23.68
102.0,100,14,42.50,160.0,85.00,983.63,959.95,23.68
102.0,100,14,42.50,160.0,85.00,983.63,959.95,23.68
102.0,100,14,42.50,160.0,85.00,983.63,959.95,23.68
102.0,100,14,42.50,160.0,85.00,983.63,959.95,23.68
102.0,100,14,42.50,160.0,85.00,983.63,959.95,23.68
102.0,100,14,42.50,160.0,85.00,983.63,959.95,23.68
102.0,100,14,42.50,160.0,85.00,983.63,959.95,23.68
102.0,100,14,42.50,160.0,85.00,983.63,959.95,23.68
102.0,100,14,42.50,160.0,85.00,983.63,959.95,23.68
102.0,100,14,42.50,160.0,85.00,983.63,959.95,23.68
102.0,100,14,42.50,160.0,85.00,983.63,959.95,23.68
102.0,100,14,42.50,160.0,85.00,983.63,959.95,23.68
102.0,100,14,42.50,160.0,85.00,983.63,959.95,23.68
102.0,100,14,42.50,160.0,85.00,983.63,959.95,23.68
102.0,100,14,42.50,160.0,85.00,983.63,959.95,23.68
102.0,100,14,42.50,160.0,85.00,983.63,959.95,23.68
102.0,100,14,42.50,160.0,85.00,983.63,959.95,23.68
103.0,100,13,48.75,130.0,82.22,976.75,953.16,23.59
103.0,100,13,48.75,130.0,82.22,976.75,953.16,23.59
104.0,100,12,61.25,130.0,76.67,982.93,959.23,23.70
104.0,100,13,40.00,160.0,86.11,982.93,959.23,23.70
104.0,100,13,40.00,160.0,86.11,982.93,959.23,23.70
104.0,100,13,40.00,160.0,86.11,982.93,959.23,23.70
104.0,100,13,40.00,160.0,86.11,982.93,959.23,23.70
104.0,100,13,40.00,160.0,86.11,982.93,959.23,23.70
104.0,100,13,40.00,160.0,86.11,982.93,959.23,23.70
104.0,100,13,40.00,160.0,86.11,982.93,959.23,23.70
104.0,100,13,40.00,160.0,86.11,982.93,959.23,23.70
104.0,100,13,40.00,160.0,86.11,982.93,959.23,23.70
105.0,100,12,53.75,160.0,80.00,988.76,964.95,23.81
105.0,100,13,32.50,180.0,89.44,988.76,964.95,23.81
105.0,100,13,32.50,180.0,89.44,988.76,964.95,23.81
105.0,100,13,32.50,180.0,89.44,988.76,964.95,23.81
105.0,100,13,32.50,180.0,89.44,988.76,964.95,23.81
105.0,100,13,32.50,180.0,89.44,988.76,964.95,23.81
105.0,100,13,32.50,180.0,89.44,988.76,964.95,23.81
105.0,100,13,32.50,180.0,89.44,988.76,964.95,23.81
105.0,100,13,32.50,180.0,89.44,988.76,964.95,23.81
105.0,100,13,32.50,180.0,89.44,988.76,964.95,23.81
105.0,100,13,32.50,180.0,89.44,988.76,964.95,23.81
106.0,100,12,52.86,130.0,82.78,992.41,968.49,23.92
106.0,100,13,35.00,130.0,91.11,992.41,968.49,23.92
106.0,100,13,35.00,130.0,91.11,992.41,968.49,23.92
106.0,100,13,35.00,130.0,91.11,992.41,968.49,23.92
106.0,100,13,35.00,130.0,91.11,992.41,968.49,23.92
106.0,100,13,35.00,130.0,91.11,992.41,968.49,23.92
106.0,100,13,35.00,130.0,91.11,992.41,968.49,23.92
106.0,100,13,35.00,130.0,91.11,992.41,968.49,23.92
106.0,100,13,35.00,130.0,91.11,992.41,968.49,23.92
107.0,100,12,46.67,100.0,87.22,989.07,965.09,23.97
107.0,100,12,46.67,100.0,87.22,989.07,965.09,23.97
107.0,100,12,46.67,100.0,87.22,989.07,965.09,23.97
107.0,100,12,46.67,100.0,87.22,989.07,965.09,23.97
107.0,100,12,46.67,100.0,87.22,989.07,965.09,23.97
107.0,100,12,46.67,100.0,87.22,989.07,965.09,23.97
107.0,100,12,46.67,100.0,87.22,989.07,965.09,23.97
107.0,100,12,46.67,100.0,87.22,989.07,965.09,23.97
108.0,100,11,61.67,100.0,82.22,990.83,966.57,24.26
108.0,100,12,36.67,140.0,90.56,990.83,966.57,24.26
109.0,100,11,63.33,100.0,81.67,1004.04,979.59,24.45
110.0,100,11,58.00,80.0,86.11,1012.91,988.18,24.73
110.0,100,12,40.00,80.0,92.78,1012.91,988.18,24.73
110.0,100,12,40.00,80.0,92.78,1012.91,988.18,24.73
111.0,100,11,56.00,80.0,86.67,1016.76,991.89,24.86
111.0,100,12,36.00,100.0,92.22,1016.76,991.89,24.86
111.0,100,12,36.00,100.0,92.22,1016.76,991.89,24.86
112.0,100,11,70.00,80.0,82.78,1019.15,994.11,25.04
112.0,100,12,40.00,80.0,92.78,1019.15,994.11,25.04
112.0,100,12,40.00,80.0,92.78,1019.15,994.11,25.04
112.0,100,12,40.00,80.0,92.78,1019.15,994.11,25.04
112.0,100,12,40.00,80.0,92.78,1019.15,994.11,25.04
112.0,100,12,40.00,80.0,92.78,1019.15,994.11,25.04
112.0,100,12,40.00,80.0,92.78,1019.15,994.11,25.04
113.0,100,11,65.00,80.0,87.22,1018.41,993.14,25.27
113.0,100,12,26.67,80.0,96.67,1018.41,993.14,25.27
113.0,100,12,26.67,80.0,96.67,1018.41,993.14,25.27
113.0,100,12,26.67,80.0,96.67,1018.41,993.14,25.27
113.0,100,12,26.67,80.0,96.67,1018.41,993.14,25.27
113.0,100,12,26.67,80.0,96.67,1018.41,993.14,25.27
113.0,100,12,26.67,80.0,96.67,1018.41,993.14,25.27
113.0,100,12,26.67,80.0,96.67,1018.41,993.14,25.27
113.0,100,12,26.67,80.0,96.67,1018.41,993.14,25.27
114.0,100,11,65.00,80.0,87.22,1037.59,1012.32,25.26
114.0,100,12,25.00,100.0,96.11,1037.59,1012.32,25.26
114.0,100,12,25.00,100.0,96.11,1037.59,1012.32,25.26
114.0,100,12,25.00,100.0,96.11,1037.59,1012.32,25.26
114.0,100,12,25.00,100.0,96.11,1037.59,1012.32,25.26
114.0,100,12,25.00,100.0,96.11,1037.59,1012.32,25.26
115.0,100,11,52.00,100.0,87.78,1055.70,1030.22,25.48
115.0,100,12,25.00,100.0,96.11,1055.70,1030.22,25.48
115.0,100,12,25.00,100.0,96.11,1055.70,1030.22,25.48
115.0,100,12,25.00,100.0,96.11,1055.70,1030.22,25.48
116.0,100,11,47.50,80.0,91.11,1052.50,1026.85,25.65
116.0,100,12,27.50,110.0,95.56,1052.50,1026.85,25.65
116.0,100,12,27.50,110.0,95.56,1052.50,1026.85,25.65
116.0,100,12,27.50,110.0,95.56,1052.50,1026.85,25.65
116.0,100,12,27.50,110.0,95.56,1052.50,1026.85,25.65
116.0,100,12,27.50,110.0,95.56,1052.50,1026.85,25.65
116.0,100,12,27.50,110.0,95.56,1052.50,1026.85,25.65
116.0,100,12,27.50,110.0,95.56,1052.50,1026.85,25.65
116.0,100,12,27.50,110.0,95.56,1052.50,1026.85,25.65
116.0,100,12,27.50,110.0,95.56,1052.50,1026.85,25.65
116.0,100,12,27.50,110.0,95.56,1052.50,1026.85,25.65
116.0,100,12,27.50,110.0,95.56,1052.50,1026.85,25.65
116.0,100,12,27.50,110.0,95.56,1052.50,1026.85,25.65
116.0,100,12,27.50,110.0,95.56,1052.50,1026.85,25.65
117.0,100,11,67.50,90.0,86.67,1075.85,1050.34,25.51
117.0,100,12,30.00,90.0,96.11,1075.85,1050.34,25.51
117.0,100,12,30.00,90.0,96.11,1075.85,1050.34,25.51
117.0,100,12,30.00,90.0,96.11,1075.85,1050.34,25.51
117.0,100,12,30.00,90.0,96.11,1075.85,1050.34,25.51
117.0,100,12,30.00,90.0,96.11,1075.85,1050.34,25.51
118.0,100,11,62.50,90.0,87.78,1096.27,1070.89,25.38
118.0,100,12,30.00,90.0,96.11,1096.27,1070.89,25.38
119.0,100,11,70.00,90.0,86.11,1117.35,1092.02,25.34
119.0,100,12,27.50,110.0,95.56,1117.35,1092.02,25.34
119.0,100,12,27.50,110.0,95.56,1117.35,1092.02,25.34
119.0,100,12,27.50,110.0,95.56,1117.35,1092.02,25.34
119.0,100,12,27.50,110.0,95.56,1117.35,1092.02,25.34
119.0,100,12,27.50,110.0,95.56,1117.35,1092.02,25.34
119.0,100,12,27.50,110.0,95.56,1117.35,1092.02,25.34
119.0,100,12,27.50,110.0,95.56,1117.35,1092.02,25.34
119.0,100,12,27.50,110.0,95.56,1117.35,1092.02,25.34
119.0,100,12,27.50,110.0,95.56,1117.35,1092.02,25.34
119.0,100,12,27.50,110.0,95.56,1117.35,1092.02,25.34
119.0,100,12,27.50,110.0,95.56,1117.35,1092.02,25.34
119.0,100,12,27.50,110.0,95.56,1117.35,1092.02,25.34
119.0,100,12,27.50,110.0,95.56,1117.35,1092.02,25.34
120.0,100,11,47.50,80.0,91.11,1110.46,1085.21,25.25
121.0,100,10,85.00,80.0,82.78,1131.61,1106.32,25.29
121.0,100,11,26.67,80.0,96.67,1131.61,1106.32,25.29
121.0,100,11,26.67,80.0,96.67,1131.61,1106.32,25.29
121.0,100,11,26.67,80.0,96.67,1131.61,1106.32,25.29
121.0,100,11,26.67,80.0,96.67,1131.61,1106.32,25.29
122.0,100,10,60.00,40.0,91.11,1131.15,1105.61,25.53
123.0,100,10,70.00,20.0,93.33,1125.28,1099.72,25.57
123.0,100,10,70.00,20.0,93.33,1125.28,1099.72,25.57
123.0,100,10,70.00,20.0,93.33,1125.28,1099.72,25.57
123.0,100,10,70.00,20.0,93.33,1125.28,1099.72,25.57
123.0,100,10,70.00,20.0,93.33,1125.28,1099.72,25.57
123.0,100,10,70.00,20.0,93.33,1125.28,1099.72,25.57
123.0,100,10,70.00,20.0,93.33,1125.28,1099.72,25.57
123.0,100,10,70.00,20.0,93.33,1125.28,1099.72,25.57
123.0,100,10,70.00,20.0,93.33,1125.28,1099.72,25.57
123.0,100,10,70.00,20.0,93.33,1125.28,1099.72,25.57
123.0,100,10,70.00,20.0,93.33,1125.28,1099.72,25.57
124.0,100,9,100.00,20.0,85.00,1116.21,1090.85,25.36
124.0,100,10,70.00,20.0,93.33,1116.21,1090.85,25.36
124.0,100,10,70.00,20.0,93.33,1116.21,1090.85,25.36
125.0,100,9,155.00,0.0,83.89,1107.28,1082.12,25.16
125.0,100,10,70.00,20.0,93.33,1107.28,1082.12,25.16
125.0,100,10,70.00,20.0,93.33,1107.28,1082.12,25.16
126.0,100,9,165.00,20.0,82.78,1098.49,1073.53,24.96
126.0,100,10,30.00,60.0,97.78,1098.49,1073.53,24.96
127.0,100,9,80.00,60.0,88.33,1089.84,1065.08,24.76
127.0,100,10,26.67,80.0,97.22,1089.84,1065.08,24.76
127.0,100,10,26.67,80.0,97.22,1089.84,1065.08,24.76
128.0,100,9,60.00,80.0,88.89,1081.33,1056.76,24.57
128.0,100,10,25.00,100.0,96.67,1081.33,1056.76,24.57
128.0,100,10,25.00,100.0,96.67,1081.33,1056.76,24.57
128.0,100,10,25.00,100.0,96.67,1081.33,1056.76,24.57
128.0,100,10,25.00,100.0,96.67,1081.33,1056.76,24.57
128.0,100,10,25.00,100.0,96.67,1081.33,1056.76,24.57
129.0,100,9,55.00,60.0,90.00,1072.95,1048.57,24.38
129.0,100,10,20.00,60.0,98.33,1072.95,1048.57,24.38
129.0,100,10,20.00,60.0,98.33,1072.95,1048.57,24.38
129.0,100,10,20.00,60.0,98.33,1072.95,1048.57,24.38
129.0,100,10,20.00,60.0,98.33,1072.95,1048.57,24.38
130.0,100,9,60.00,60.0,88.89,1064.69,1040.50,24.19
130.0,100,10,27.50,60.0,96.11,1064.69,1040.50,24.19
130.0,100,10,27.50,60.0,96.11,1064.69,1040.50,24.19
130.0,100,10,27.50,60.0,96.11,1064.69,1040.50,24.19
130.0,100,10,27.50,60.0,96.11,1064.69,1040.50,24.19
130.0,100,10,27.50,60.0,96.11,1064.69,1040.50,24.19
130.0,100,10,27.50,60.0,96.11,1064.69,1040.50,24.19
130.0,100,10,27.50,60.0,96.11,1064.69,1040.50,24.19
130.0,100,10,27.50,60.0,96.11,1064.69,1040.50,24.19
130.0,100,10,27.50,60.0,96.11,1064.69,1040.50,24.19
130.0,100,10,27.50,60.0,96.11,1064.69,1040.50,24.19
130.0,100,10,27.50,60.0,96.11,1064.69,1040.50,24.19
130.0,100,10,27.50,60.0,96.11,1064.69,1040.50,24.19
130.0,100,10,27.50,60.0,96.11,1064.69,1040.50,24.19
130.0,100,10,27.50,60.0,96.11,1064.69,1040.50,24.19
130.0,100,10,27.50,60.0,96.11,1064.69,1040.50,24.19
130.0,100,10,27.50,60.0,96.11,1064.69,1040.50,24.19
130.0,100,10,27.50,60.0,96.11,1064.69,1040.50,24.19
131.0,100,9,65.00,40.0,87.78,1056.56,1032.56,24.01
132.0,100,9,76.67,20.0,88.89,1048.56,1024.73,23.83
132.0,100,10,35.00,20.0,97.22,1048.56,1024.73,23.83
133.0,100,9,230.00,0.0,87.78,1040.68,1017.03,23.65
134.0,100,10,300.00,0.0,83.89,1032.91,1009.44,23.47
135.0,100,10,125.00,0.0,87.22,1025.26,1001.96,23.30
135.0,100,12, NaN,0.0,100.00,1025.26,1001.96,23.30
135.0,100,12, NaN,0.0,100.00,1025.26,1001.96,23.30
135.0,100,12, NaN,0.0,100.00,1025.26,1001.96,23.30
135.0,100,12, NaN,0.0,100.00,1025.26,1001.96,23.30
135.0,100,12, NaN,0.0,100.00,1025.26,1001.96,23.30
135.0,100,12, NaN,0.0,100.00,1025.26,1001.96,23.30
135.0,100,12, NaN,0.0,100.00,1025.26,1001.96,23.30
135.0,100,12, NaN,0.0,100.00,1025.26,1001.96,23.30
135.0,100,12, NaN,0.0,100.00,1025.26,1001.96,23.30
135.0,100,12, NaN,0.0,100.00,1025.26,1001.96,23.30
136.0,100,11,70.00,0.0,96.67,1017.72,994.60,23.13
136.0,100,11,70.00,0.0,96.67,1017.72,994.60,23.13
136.0,100,11,70.00,0.0,96.67,1017.72,994.60,23.13
136.0,100,11,70.00,0.0,96.67,1017.72,994.60,23.13
136.0,100,11,70.00,0.0,96.67,1017.72,994.60,23.13
136.0,100,11,70.00,0.0,96.67,1017.72,994.60,23.13
136.0,100,11,70.00,0.0,96.67,1017.72,994.60,23.13
136.0,100,11,70.00,0.0,96.67,1017.72,994.60,23.13
136.0,100,11,70.00,0.0,96.67,1017.72,994.60,23.13
136.0,100,11,70.00,0.0,96.67,1017.72,994.60,23.13
137.0,100,10,70.00,0.0,93.33,1010.29,987.34,22.96
137.0,100,10,70.00,0.0,93.33,1010.29,987.34,22.96
137.0,100,10,70.00,0.0,93.33,1010.29,987.34,22.96
137.0,100,10,70.00,0.0,93.33,1010.29,987.34,22.96
137.0,100,10,70.00,0.0,93.33,1010.29,987.34,22.96
137.0,100,10,70.00,0.0,93.33,1010.29,987.34,22.96
137.0,100,10,70.00,0.0,93.33,1010.29,987.34,22.96
137.0,100,10,70.00,0.0,93.33,1010.29,987.34,22.96
137.0,100,10,70.00,0.0,93.33,1010.29,987.34,22.96
137.0,100,10,70.00,0.0,93.33,1010.29,987.34,22.96
137.0,100,10,70.00,0.0,93.33,1010.29,987.34,22.96
137.0,100,10,70.00,0.0,93.33,1010.29,987.34,22.96
137.0,100,10,70.00,0.0,93.33,1010.29,987.34,22.96
137.0,100,10,70.00,0.0,93.33,1010.29,987.34,22.96
137.0,100,10,70.00,0.0,93.33,1010.29,987.34,22.96
137.0,100,10,70.00,0.0,93.33,1010.29,987.34,22.96
137.0,100,10,70.00,0.0,93.33,1010.29,987.34,22.96
137.0,100,10,70.00,0.0,93.33,1010.29,987.34,22.96
137.0,100,10,70.00,0.0,93.33,1010.29,987.34,22.96
137.0,100,10,70.00,0.0,93.33,1010.29,987.34,22.96
137.0,100,10,70.00,0.0,93.33,1010.29,987.34,22.96
137.0,100,10,70.00,0.0,93.33,1010.29,987.34,22.96
137.0,100,10,70.00,0.0,93.33,1010.29,987.34,22.96
137.0,100,10,70.00,0.0,93.33,1010.29,987.34,22.96
137.0,100,10,70.00,0.0,93.33,1010.29,987.34,22.96
137.0,100,10,70.00,0.0,93.33,1010.29,987.34,22.96
137.0,100,10,70.00,0.0,93.33,1010.29,987.34,22.96
137.0,100,10,70.00,0.0,93.33,1010.29,987.34,22.96
137.0,100,10,70.00,0.0,93.33,1010.29,987.34,22.96
138.0,100,9,93.33,0.0,86.11,1002.97,980.18,22.79
138.0,100,10,53.33,20.0,92.78,1002.97,980.18,22.79
138.0,100,10,53.33,20.0,92.78,1002.97,980.18,22.79
138.0,100,10,53.33,20.0,92.78,1002.97,980.18,22.79
138.0,100,10,53.33,20.0,92.78,1002.97,980.18,22.79
139.0,100,9,80.00,20.0,84.44,995.76,973.13,22.63
139.0,100,10,57.50,20.0,89.44,995.76,973.13,22.63
140.0,100,9,90.00,20.0,81.67,988.64,966.18,22.46
140.0,100,11,52.50,20.0,90.00,988.64,966.18,22.46
141.0,100,10,74.00,20.0,81.67,981.63,959.33,22.30
141.0,100,11,56.00,20.0,86.67,981.63,959.33,22.30
141.0,100,11,56.00,20.0,86.67,981.63,959.33,22.30
141.0,100,11,56.00,20.0,86.67,981.63,959.33,22.30
141.0,100,11,56.00,20.0,86.67,981.63,959.33,22.30
141.0,100,11,56.00,20.0,86.67,981.63,959.33,22.30
141.0,100,11,56.00,20.0,86.67,981.63,959.33,22.30
142.0,100,10,88.00,20.0,77.78,974.72,952.57,22.15
142.0,100,11,54.00,20.0,87.22,974.72,952.57,22.15
142.0,100,11,54.00,20.0,87.22,974.72,952.57,22.15
143.0,100,10,86.00,20.0,78.33,967.90,945.91,21.99
143.0,100,11,50.00,60.0,88.33,967.90,945.91,21.99
144.0,100,10,90.00,0.0,81.67,961.18,939.34,21.84
144.0,100,11,52.50,20.0,90.00,961.18,939.34,21.84
145.0,100,10,143.33,20.0,77.22,954.55,932.86,21.69
145.0,100,11,46.67,20.0,93.33,954.55,932.86,21.69
146.0,100,10,136.67,20.0,78.33,948.01,926.47,21.54
146.0,100,12,30.00,40.0,96.11,948.01,926.47,21.54
146.0,100,12,30.00,40.0,96.11,948.01,926.47,21.54
146.0,100,12,30.00,40.0,96.11,948.01,926.47,21.54
146.0,100,12,30.00,40.0,96.11,948.01,926.47,21.54
146.0,100,12,30.00,40.0,96.11,948.01,926.47,21.54
146.0,100,12,30.00,40.0,96.11,948.01,926.47,21.54
146.0,100,12,30.00,40.0,96.11,948.01,926.47,21.54
146.0,100,12,30.00,40.0,96.11,948.01,926.47,21.54
146.0,100,12,30.00,40.0,96.11,948.01,926.47,21.54
146.0,100,12,30.00,40.0,96.11,948.01,926.47,21.54
146.0,100,12,30.00,40.0,96.11,948.01,926.47,21.54
146.0,100,12,30.00,40.0,96.11,948.01,926.47,21.54
146.0,100,12,30.00,40.0,96.11,948.01,926.47,21.54
146.0,100,12,30.00,40.0,96.11,948.01,926.47,21.54
147.0,100,11,45.00,40.0,91.67,941.56,920.17,21.39
147.0,100,12,27.50,60.0,95.56,941.56,920.17,21.39
147.0,100,12,27.50,60.0,95.56,941.56,920.17,21.39
147.0,100,12,27.50,60.0,95.56,941.56,920.17,21.39
147.0,100,12,27.50,60.0,95.56,941.56,920.17,21.39
147.0,100,12,27.50,60.0,95.56,941.56,920.17,21.39
147.0,100,12,27.50,60.0,95.56,941.56,920.17,21.39
147.0,100,12,27.50,60.0,95.56,941.56,920.17,21.39
147.0,100,12,27.50,60.0,95.56,941.56,920.17,21.39
147.0,100,12,27.50,60.0,95.56,941.56,920.17,21.39
147.0,100,12,27.50,60.0,95.56,941.56,920.17,21.39
147.0,100,12,27.50,60.0,95.56,941.56,920.17,21.39
147.0,100,12,27.50,60.0,95.56,941.56,920.17,21.39
147.0,100,12,27.50,60.0,95.56,941.56,920.17,21.39
147.0,100,12,27.50,60.0,95.56,941.56,920.17,21.39
148.0,100,11,42.00,60.0,90.56,935.20,913.95,21.25
149.0,100,11,65.00,40.0,87.22,928.93,907.82,21.11
149.0,100,12,30.00,70.0,95.00,928.93,907.82,21.11
149.0,100,12,30.00,70.0,95.00,928.93,907.82,21.11
149.0,100,12,30.00,70.0,95.00,928.93,907.82,21.11
149.0,100,12,30.00,70.0,95.00,928.93,907.82,21.11
149.0,100,12,30.00,70.0,95.00,928.93,907.82,21.11
150.0,100,11,52.50,50.0,90.00,922.73,901.77,20.97
150.0,100,12,35.00,90.0,93.89,922.73,901.77,20.97
151.0,100,11,66.67,30.0,90.00,916.62,895.79,20.83
151.0,100,12,33.33,50.0,95.56,916.62,895.79,20.83
151.0,100,12,33.33,50.0,95.56,916.62,895.79,20.83
151.0,100,12,33.33,50.0,95.56,916.62,895.79,20.83
151.0,100,12,33.33,50.0,95.56,916.62,895.79,20.83
152.0,100,11,73.33,20.0,88.89,910.59,889.90,20.69
152.0,100,12,33.33,50.0,95.56,910.59,889.90,20.69
152.0,100,12,33.33,50.0,95.56,910.59,889.90,20.69
152.0,100,12,33.33,50.0,95.56,910.59,889.90,20.69
152.0,100,12,33.33,50.0,95.56,910.59,889.90,20.69
152.0,100,12,33.33,50.0,95.56,910.59,889.90,20.69
152.0,100,12,33.33,50.0,95.56,910.59,889.90,20.69
152.0,100,12,33.33,50.0,95.56,910.59,889.90,20.69
152.0,100,12,33.33,50.0,95.56,910.59,889.90,20.69
152.0,100,12,33.33,50.0,95.56,910.59,889.90,20.69
152.0,100,12,33.33,50.0,95.56,910.59,889.90,20.69
152.0,100,12,33.33,50.0,95.56,910.59,889.90,20.69
152.0,100,12,33.33,50.0,95.56,910.59,889.90,20.69
152.0,100,12,33.33,50.0,95.56,910.59,889.90,20.69
153.0,100,11,70.00,50.0,86.11,904.64,884.08,20.56
153.0,100,13,25.00,50.0,98.33,904.64,884.08,20.56
153.0,100,13,25.00,50.0,98.33,904.64,884.08,20.56
153.0,100,13,25.00,50.0,98.33,904.64,884.08,20.56
153.0,100,13,25.00,50.0,98.33,904.64,884.08,20.56
153.0,100,13,25.00,50.0,98.33,904.64,884.08,20.56
153.0,100,13,25.00,50.0,98.33,904.64,884.08,20.56
153.0,100,13,25.00,50.0,98.33,904.64,884.08,20.56
153.0,100,13,25.00,50.0,98.33,904.64,884.08,20.56
154.0,100,12,66.67,50.0,90.56,898.77,878.34,20.42
154.0,100,13,46.67,50.0,93.89,898.77,878.34,20.42
154.0,100,13,46.67,50.0,93.89,898.77,878.34,20.42
154.0,100,13,46.67,50.0,93.89,898.77,878.34,20.42
155.0,100,12,47.50,50.0,91.11,892.97,872.68,20.29
155.0,100,12,47.50,50.0,91.11,892.97,872.68,20.29
