0.0,0,1,1580.00,0.0,12.22,,,
0.0,0,1,1580.00,0.0,12.22,,,
0.0,0,2,1510.00,0.0,16.11,,,
0.0,0,3,1450.00,0.0,19.44,,,
0.0,0,4,1380.00,0.0,23.33,,,
0.0,0,4,1380.00,0.0,23.33,,,
0.0,0,6,1130.00,0.0,37.22,,,
0.0,0,7,950.00,0.0,47.22,,,
0.0,0,8,750.00,0.0,58.33,,,
0.0,0,9,530.00,0.0,70.56,,,
0.0,1,11,140.00,0.0,92.22,,,
0.0,1,12,50.00,0.0,97.22,,,
0.0,1,12,50.00,0.0,97.22,,,
0.0,2,12,50.00,0.0,97.22,,,
1.0,4,11,65.00,0.0,93.33,,,
1.0,3,12,30.00,30.0,98.33,,,
1.0,4,12,30.00,30.0,98.33,,,
1.0,6,12,30.00,30.0,98.33,,,
2.0,7,11,50.00,30.0,95.00,,,
2.0,7,12,40.00,40.0,97.78,,,
3.0,7,11,125.00,40.0,86.67,,,
3.0,7,12,80.00,0.0,95.56,,,
3.0,8,12,80.00,0.0,95.56,,,
3.0,8,13, NaN,0.0,99.44,,,
3.0,8,13, NaN,0.0,99.44,,,
3.0,9,13, NaN,0.0,99.44,,,
3.0,11,13, NaN,0.0,99.44,,,
3.0,11,13, NaN,0.0,99.44,,,
3.0,12,13, NaN,0.0,99.44,,,
3.0,13,13, NaN,0.0,99.44,,,
3.0,13,13, NaN,0.0,99.44,,,
3.0,14,13, NaN,0.0,99.44,,,
4.0,14,12,170.00,0.0,90.56,,,
4.0,14,13,80.00,0.0,95.56,,,
4.0,15,13,80.00,0.0,95.56,,,
4.0,16,13,80.00,0.0,95.56,,,
5.0,17,12,75.00,0.0,92.22,,,
5.0,17,13, NaN,0.0,100.00,,,
5.0,18,13, NaN,0.0,100.00,,,
5.0,19,13, NaN,0.0,100.00,,,
5.0,19,13, NaN,0.0,100.00,,,
5.0,20,13, NaN,0.0,100.00,,,
5.0,21,13, NaN,0.0,100.00,,,
5.0,22,13, NaN,0.0,100.00,,,
5.0,23,13, NaN,0.0,100.00,,,
5.0,24,13, NaN,0.0,100.00,,,
5.0,25,13, NaN,0.0,100.00,,,
5.0,25,13, NaN,0.0,100.00,,,
5.0,26,13, NaN,0.0,100.00,,,
6.0,27,12,140.00,0.0,92.22,,,
6.0,27,13,50.00,0.0,97.22,,,
6.0,27,14, NaN,0.0,100.00,,,
7.0,28,13,100.00,0.0,95.00,,,
7.0,29,14,30.00,30.0,98.33,,,
7.0,30,14,30.00,30.0,98.33,,,
7.0,30,14,30.00,30.0,98.33,,,
7.0,31,14,30.00,30.0,98.33,,,
7.0,33,14,30.00,30.0,98.33,,,
7.0,33,14,30.00,30.0,98.33,,,
7.0,34,14,30.00,30.0,98.33,,,
7.0,35,14,30.00,30.0,98.33,,,
7.0,36,14,30.00,30.0,98.33,,,
7.0,37,14,30.00,30.0,98.33,,,
7.0,38,14,30.00,30.0,98.33,,,
7.0,38,14,30.00,30.0,98.33,,,
7.0,39,14,30.00,30.0,98.33,,,
7.0,40,14,30.00,30.0,98.33,,,
8.0,40,13,120.00,30.0,87.22,,,
8.0,39,15, NaN,0.0,99.44,,,
8.0,40,15, NaN,0.0,99.44,,,
8.0,42,15, NaN,0.0,99.44,,,
8.0,42,15, NaN,0.0,99.44,,,
8.0,43,15, NaN,0.0,99.44,,,
9.0,45,14,200.00,0.0,88.89,,,
9.0,44,16, NaN,0.0,100.00,,,
9.0,46,16, NaN,0.0,100.00,,,
9.0,48,16, NaN,0.0,100.00,,,
9.0,50,16, NaN,0.0,100.00,,,
9.0,51,16, NaN,0.0,100.00,,,
9.0,52,16, NaN,0.0,100.00,,,
9.0,53,16, NaN,0.0,100.00,,,
9.0,53,16, NaN,0.0,100.00,,,
9.0,54,16, NaN,0.0,100.00,,,
10.0,55,15,230.00,0.0,87.78,,,
10.0,55,16,30.00,30.0,98.33,,,
10.0,57,16,30.00,30.0,98.33,,,
11.0,57,15,115.00,30.0,87.78,,,
11.0,56,17, NaN,0.0,99.44,,,
11.0,56,17, NaN,0.0,99.44,,,
11.0,57,17, NaN,0.0,99.44,,,
11.0,58,17, NaN,0.0,99.44,,,
11.0,59,17, NaN,0.0,99.44,,,
11.0,59,17, NaN,0.0,99.44,,,
11.0,60,17, NaN,0.0,99.44,,,
12.0,61,16,60.00,0.0,96.67,,,
13.0,60,16,190.00,0.0,89.44,,,
13.0,60,17, NaN,0.0,100.00,,,
13.0,60,17, NaN,0.0,100.00,,,
13.0,62,17, NaN,0.0,100.00,,,
13.0,62,17, NaN,0.0,100.00,,,
13.0,64,17, NaN,0.0,100.00,,,
13.0,65,17, NaN,0.0,100.00,,,
13.0,66,17, NaN,0.0,100.00,,,
13.0,66,17, NaN,0.0,100.00,,,
13.0,67,17, NaN,0.0,100.00,,,
13.0,68,17, NaN,0.0,100.00,,,
13.0,69,17, NaN,0.0,100.00,,,
13.0,71,17, NaN,0.0,100.00,,,
13.0,71,17, NaN,0.0,100.00,,,
14.0,72,16,100.00,0.0,95.00,,,
14.0,72,17, NaN,0.0,100.00,,,
14.0,72,17, NaN,0.0,100.00,,,
14.0,73,17, NaN,0.0,100.00,,,
14.0,75,17, NaN,0.0,100.00,,,
14.0,76,17, NaN,0.0,100.00,,,
14.0,77,17, NaN,0.0,100.00,,,
14.0,80,17, NaN,0.0,100.00,,,
14.0,80,17, NaN,0.0,100.00,,,
14.0,81,17, NaN,0.0,100.00,,,
14.0,83,17, NaN,0.0,100.00,,,
15.0,83,16,90.00,0.0,95.56,,,
15.0,83,17,30.00,30.0,98.33,,,
15.0,85,17,30.00,30.0,98.33,,,
15.0,86,17,30.00,30.0,98.33,,,
15.0,86,17,30.00,30.0,98.33,,,
15.0,88,17,30.00,30.0,98.33,,,
15.0,88,17,30.00,30.0,98.33,,,
15.0,89,17,30.00,30.0,98.33,,,
15.0,90,17,30.00,30.0,98.33,,,
15.0,92,17,30.00,30.0,98.33,,,
15.0,93,17,30.00,30.0,98.33,,,
15.0,94,17,30.00,30.0,98.33,,,
15.0,94,17,30.00,30.0,98.33,,,
16.0,95,16,115.00,30.0,87.78,,,
17.0,94,17,230.00,0.0,87.22,,,
17.0,93,18, NaN,0.0,100.00,,,
17.0,94,18, NaN,0.0,100.00,,,
17.0,94,18, NaN,0.0,100.00,,,
18.0,96,17,100.00,0.0,95.00,,,
19.0,96,17,140.00,0.0,92.78,,,
20.0,97,17,80.00,0.0,96.11,,,
21.0,96,17,100.00,0.0,95.00,,,
21.0,96,18, NaN,0.0,100.00,,,
21.0,96,18, NaN,0.0,100.00,,,
22.0,97,17,80.00,0.0,96.11,,,
22.0,97,18, NaN,0.0,100.00,,,
22.0,97,18, NaN,0.0,100.00,,,
22.0,98,18, NaN,0.0,100.00,,,
23.0,99,17,180.00,0.0,90.56,,,
23.0,99,19, NaN,0.0,100.00,,,
23.0,100,19, NaN,0.0,100.00,,,
23.0,100,19, NaN,0.0,100.00,,,
23.0,100,19, NaN,0.0,100.00,,,
23.0,100,19, NaN,0.0,100.00,,,
23.0,100,19, NaN,0.0,100.00,,,
23.0,100,19, NaN,0.0,100.00,,,
23.0,100,19, NaN,0.0,100.00,,,
23.0,100,19, NaN,0.0,100.00,,,
23.0,100,19, NaN,0.0,100.00,,,
23.0,100,19, NaN,0.0,100.00,,,
24.0,100,18,80.00,0.0,96.11,,,
24.0,100,19, NaN,0.0,99.44,,,
24.0,100,19, NaN,0.0,99.44,,,
24.0,100,19, NaN,0.0,99.44,,,
24.0,100,19, NaN,0.0,99.44,,,
24.0,100,19, NaN,0.0,99.44,,,
24.0,100,19, NaN,0.0,99.44,,,
24.0,100,19, NaN,0.0,99.44,,,
24.0,100,19, NaN,0.0,99.44,,,
24.0,100,19, NaN,0.0,99.44,,,
24.0,100,19, NaN,0.0,99.44,,,
24.0,100,19, NaN,0.0,99.44,,,
25.0,100,18,60.00,0.0,96.67,,,
25.0,100,19, NaN,0.0,99.44,,,
25.0,100,19, NaN,0.0,99.44,,,
26.0,100,18,100.00,0.0,94.44,,,
26.0,100,19, NaN,0.0,100.00,,,
26.0,100,19, NaN,0.0,100.00,,,
26.0,100,19, NaN,0.0,100.00,,,
26.0,100,19, NaN,0.0,100.00,,,
26.0,100,19, NaN,0.0,100.00,,,
26.0,100,19, NaN,0.0,100.00,,,
26.0,100,19, NaN,0.0,100.00,,,
26.0,100,19, NaN,0.0,100.00,,,
26.0,100,19, NaN,0.0,100.00,,,
26.0,100,19, NaN,0.0,100.00,,,
26.0,100,19, NaN,0.0,100.00,,,
26.0,100,19, NaN,0.0,100.00,,,
26.0,100,19, NaN,0.0,100.00,,,
26.0,100,19, NaN,0.0,100.00,,,
26.0,100,19, NaN,0.0,100.00,,,
26.0,100,19, NaN,0.0,100.00,,,
26.0,100,19, NaN,0.0,100.00,,,
26.0,100,19, NaN,0.0,100.00,,,
26.0,100,19, NaN,0.0,100.00,,,
26.0,100,19, NaN,0.0,100.00,,,
26.0,100,19, NaN,0.0,100.00,,,
26.0,100,19, NaN,0.0,100.00,,,
26.0,100,19, NaN,0.0,100.00,,,
27.0,100,18,100.00,0.0,95.00,685.00,660.00,25.00
27.0,100,19, NaN,0.0,100.00,685.00,660.00,25.00
27.0,100,19, NaN,0.0,100.00,685.00,660.00,25.00
28.0,100,18,200.00,0.0,89.44,837.50,810.00,27.50
28.0,100,19, NaN,0.0,100.00,837.50,810.00,27.50
28.0,100,19, NaN,0.0,100.00,837.50,810.00,27.50
28.0,100,19, NaN,0.0,100.00,837.50,810.00,27.50
28.0,100,19, NaN,0.0,100.00,837.50,810.00,27.50
29.0,100,18,130.00,0.0,93.33,760.00,735.00,25.00
29.0,100,19, NaN,0.0,100.00,760.00,735.00,25.00
29.0,100,19, NaN,0.0,100.00,760.00,735.00,25.00
29.0,100,19, NaN,0.0,100.00,760.00,735.00,25.00
29.0,100,19, NaN,0.0,100.00,760.00,735.00,25.00
29.0,100,19, NaN,0.0,100.00,760.00,735.00,25.00
29.0,100,19, NaN,0.0,100.00,760.00,735.00,25.00
29.0,100,19, NaN,0.0,100.00,760.00,735.00,25.00
29.0,100,19, NaN,0.0,100.00,760.00,735.00,25.00
29.0,100,19, NaN,0.0,100.00,760.00,735.00,25.00
30.0,100,18,70.00,0.0,96.67,697.50,675.00,22.50
30.0,100,19, NaN,0.0,99.44,697.50,675.00,22.50
30.0,100,19, NaN,0.0,99.44,697.50,675.00,22.50
30.0,100,19, NaN,0.0,99.44,697.50,675.00,22.50
30.0,100,19, NaN,0.0,99.44,697.50,675.00,22.50
30.0,100,19, NaN,0.0,99.44,697.50,675.00,22.50
31.0,100,18,130.00,0.0,92.78,686.00,664.00,22.00
31.0,100,19, NaN,0.0,100.00,686.00,664.00,22.00
31.0,100,19, NaN,0.0,100.00,686.00,664.00,22.00
31.0,100,19, NaN,0.0,100.00,686.00,664.00,22.00
31.0,100,19, NaN,0.0,100.00,686.00,664.00,22.00
31.0,100,19, NaN,0.0,100.00,686.00,664.00,22.00
31.0,100,19, NaN,0.0,100.00,686.00,664.00,22.00
32.0,100,18,140.00,0.0,92.78,724.17,699.17,25.00
32.0,100,19, NaN,0.0,99.44,724.17,699.17,25.00
32.0,100,19, NaN,0.0,99.44,724.17,699.17,25.00
32.0,100,19, NaN,0.0,99.44,724.17,699.17,25.00
32.0,100,19, NaN,0.0,99.44,724.17,699.17,25.00
32.0,100,19, NaN,0.0,99.44,724.17,699.17,25.00
32.0,100,19, NaN,0.0,99.44,724.17,699.17,25.00
32.0,100,19, NaN,0.0,99.44,724.17,699.17,25.00
33.0,100,18,80.00,0.0,95.56,714.29,689.29,25.00
33.0,100,19, NaN,0.0,100.00,714.29,689.29,25.00
34.0,100,18,200.00,0.0,89.44,700.63,677.50,23.13
35.0,100,19,45.00,20.0,95.56,742.78,716.11,26.67
35.0,100,20,30.00,30.0,98.33,742.78,716.11,26.67
35.0,100,20,30.00,30.0,98.33,742.78,716.11,26.67
36.0,100,19,45.00,30.0,95.56,765.00,736.00,29.00
36.0,100,20,30.00,30.0,98.33,765.00,736.00,29.00
36.0,100,20,30.00,30.0,98.33,765.00,736.00,29.00
36.0,100,20,30.00,30.0,98.33,765.00,736.00,29.00
36.0,100,20,30.00,30.0,98.33,765.00,736.00,29.00
36.0,100,20,30.00,30.0,98.33,765.00,736.00,29.00
36.0,100,20,30.00,30.0,98.33,765.00,736.00,29.00
36.0,100,20,30.00,30.0,98.33,765.00,736.00,29.00
36.0,100,20,30.00,30.0,98.33,765.00,736.00,29.00
36.0,100,20,30.00,30.0,98.33,765.00,736.00,29.00
36.0,100,20,30.00,30.0,98.33,765.00,736.00,29.00
36.0,100,20,30.00,30.0,98.33,765.00,736.00,29.00
36.0,100,20,30.00,30.0,98.33,765.00,736.00,29.00
36.0,100,20,30.00,30.0,98.33,765.00,736.00,29.00
36.0,100,20,30.00,30.0,98.33,765.00,736.00,29.00
36.0,100,20,30.00,30.0,98.33,765.00,736.00,29.00
36.0,100,20,30.00,30.0,98.33,765.00,736.00,29.00
36.0,100,20,30.00,30.0,98.33,765.00,736.00,29.00
36.0,100,20,30.00,30.0,98.33,765.00,736.00,29.00
36.0,100,20,30.00,30.0,98.33,765.00,736.00,29.00
36.0,100,20,30.00,30.0,98.33,765.00,736.00,29.00
36.0,100,20,30.00,30.0,98.33,765.00,736.00,29.00
36.0,100,20,30.00,30.0,98.33,765.00,736.00,29.00
36.0,100,20,30.00,30.0,98.33,765.00,736.00,29.00
36.0,100,20,30.00,30.0,98.33,765.00,736.00,29.00
37.0,100,19,80.00,30.0,91.67,774.55,747.27,27.27
37.0,100,21, NaN,0.0,100.00,774.55,747.27,27.27
37.0,100,21, NaN,0.0,100.00,774.55,747.27,27.27
37.0,100,21, NaN,0.0,100.00,774.55,747.27,27.27
38.0,100,20,80.00,0.0,96.11,787.08,759.17,27.92
39.0,100,20,100.00,0.0,94.44,796.54,768.08,28.46
39.0,100,21, NaN,0.0,99.44,796.54,768.08,28.46
39.0,100,21, NaN,0.0,99.44,796.54,768.08,28.46
40.0,100,20,90.00,0.0,95.00,792.14,765.00,27.14
41.0,100,20,60.00,0.0,97.22,811.00,782.33,28.67
42.0,100,19,80.00,0.0,91.67,806.56,779.06,27.50
42.0,100,20, NaN,0.0,99.44,806.56,779.06,27.50
42.0,100,20, NaN,0.0,99.44,806.56,779.06,27.50
42.0,100,20, NaN,0.0,99.44,806.56,779.06,27.50
42.0,100,20, NaN,0.0,99.44,806.56,779.06,27.50
42.0,100,20, NaN,0.0,99.44,806.56,779.06,27.50
42.0,100,20, NaN,0.0,99.44,806.56,779.06,27.50
42.0,100,20, NaN,0.0,99.44,806.56,779.06,27.50
42.0,100,20, NaN,0.0,99.44,806.56,779.06,27.50
42.0,100,20, NaN,0.0,99.44,806.56,779.06,27.50
42.0,100,20, NaN,0.0,99.44,806.56,779.06,27.50
42.0,100,20, NaN,0.0,99.44,806.56,779.06,27.50
42.0,100,20, NaN,0.0,99.44,806.56,779.06,27.50
42.0,100,20, NaN,0.0,99.44,806.56,779.06,27.50
42.0,100,20, NaN,0.0,99.44,806.56,779.06,27.50
42.0,100,20, NaN,0.0,99.44,806.56,779.06,27.50
42.0,100,20, NaN,0.0,99.44,806.56,779.06,27.50
42.0,100,20, NaN,0.0,99.44,806.56,779.06,27.50
42.0,100,20, NaN,0.0,99.44,806.56,779.06,27.50
42.0,100,20, NaN,0.0,99.44,806.56,779.06,27.50
42.0,100,20, NaN,0.0,99.44,806.56,779.06,27.50
43.0,100,19,80.00,0.0,95.56,807.94,781.18,26.76
43.0,100,20,20.00,20.0,98.89,807.94,781.18,26.76
43.0,100,20,20.00,20.0,98.89,807.94,781.18,26.76
43.0,100,20,20.00,20.0,98.89,807.94,781.18,26.76
43.0,100,20,20.00,20.0,98.89,807.94,781.18,26.76
43.0,100,20,20.00,20.0,98.89,807.94,781.18,26.76
43.0,100,20,20.00,20.0,98.89,807.94,781.18,26.76
43.0,100,20,20.00,20.0,98.89,807.94,781.18,26.76
43.0,100,20,20.00,20.0,98.89,807.94,781.18,26.76
43.0,100,20,20.00,20.0,98.89,807.94,781.18,26.76
43.0,100,20,20.00,20.0,98.89,807.94,781.18,26.76
44.0,100,19,40.00,20.0,96.11,827.50,799.44,28.06
44.0,100,19,70.00,0.0,96.11,827.50,799.44,28.06
45.0,100,18,105.00,0.0,88.89,855.26,826.32,28.95
46.0,100,18,45.00,20.0,95.56,824.25,796.25,28.00
46.0,100,19,20.00,20.0,98.89,824.25,796.25,28.00
46.0,100,19,20.00,20.0,98.89,824.25,796.25,28.00
46.0,100,19,20.00,20.0,98.89,824.25,796.25,28.00
46.0,100,19,20.00,20.0,98.89,824.25,796.25,28.00
46.0,100,19,20.00,20.0,98.89,824.25,796.25,28.00
46.0,100,19,20.00,20.0,98.89,824.25,796.25,28.00
46.0,100,19,20.00,20.0,98.89,824.25,796.25,28.00
46.0,100,19,20.00,20.0,98.89,824.25,796.25,28.00
46.0,100,19,20.00,20.0,98.89,824.25,796.25,28.00
46.0,100,19,20.00,20.0,98.89,824.25,796.25,28.00
47.0,100,18,75.00,20.0,92.22,833.57,805.48,28.10
48.0,100,18,60.00,20.0,93.89,855.23,826.14,29.09
48.0,100,19, NaN,0.0,100.00,855.23,826.14,29.09
49.0,100,18,60.00,0.0,97.22,863.70,834.13,29.57
49.0,100,18,50.00,0.0,97.22,863.70,834.13,29.57
49.0,100,18,50.00,0.0,97.22,863.70,834.13,29.57
49.0,100,18,50.00,0.0,97.22,863.70,834.13,29.57
49.0,100,18,50.00,0.0,97.22,863.70,834.13,29.57
49.0,100,18,50.00,0.0,97.22,863.70,834.13,29.57
49.0,100,18,50.00,0.0,97.22,863.70,834.13,29.57
49.0,100,18,50.00,0.0,97.22,863.70,834.13,29.57
49.0,100,18,50.00,0.0,97.22,863.70,834.13,29.57
49.0,100,18,50.00,0.0,97.22,863.70,834.13,29.57
49.0,100,18,50.00,0.0,97.22,863.70,834.13,29.57
49.0,100,18,50.00,0.0,97.22,863.70,834.13,29.57
49.0,100,18,50.00,0.0,97.22,863.70,834.13,29.57
50.0,100,17,95.00,0.0,90.00,875.42,845.83,29.58
50.0,100,18, NaN,0.0,100.00,875.42,845.83,29.58
50.0,100,18, NaN,0.0,100.00,875.42,845.83,29.58
50.0,100,18, NaN,0.0,100.00,875.42,845.83,29.58
51.0,100,17,120.00,0.0,93.89,887.00,858.40,28.60
52.0,100,17,240.00,0.0,86.67,907.31,877.69,29.62
52.0,100,19,40.00,40.0,97.78,907.31,877.69,29.62
52.0,100,19,40.00,40.0,97.78,907.31,877.69,29.62
52.0,100,19,40.00,40.0,97.78,907.31,877.69,29.62
52.0,100,19,40.00,40.0,97.78,907.31,877.69,29.62
52.0,100,19,40.00,40.0,97.78,907.31,877.69,29.62
53.0,100,18,70.00,40.0,92.78,914.07,884.81,29.26
53.0,100,19, NaN,0.0,99.44,914.07,884.81,29.26
53.0,100,19, NaN,0.0,99.44,914.07,884.81,29.26
53.0,100,19, NaN,0.0,99.44,914.07,884.81,29.26
53.0,100,19, NaN,0.0,99.44,914.07,884.81,29.26
53.0,100,19, NaN,0.0,99.44,914.07,884.81,29.26
53.0,100,19, NaN,0.0,99.44,914.07,884.81,29.26
53.0,100,19, NaN,0.0,99.44,914.07,884.81,29.26
54.0,100,18,60.00,0.0,96.67,927.14,896.96,30.18
54.0,100,18,60.00,0.0,96.67,927.14,896.96,30.18
54.0,100,18,60.00,0.0,96.67,927.14,896.96,30.18
54.0,100,18,60.00,0.0,96.67,927.14,896.96,30.18
54.0,100,18,60.00,0.0,96.67,927.14,896.96,30.18
54.0,100,18,60.00,0.0,96.67,927.14,896.96,30.18
54.0,100,18,60.00,0.0,96.67,927.14,896.96,30.18
54.0,100,18,60.00,0.0,96.67,927.14,896.96,30.18
55.0,100,17,85.00,0.0,91.11,940.52,909.66,30.86
55.0,100,18, NaN,0.0,100.00,940.52,909.66,30.86
55.0,100,18, NaN,0.0,100.00,940.52,909.66,30.86
55.0,100,18, NaN,0.0,100.00,940.52,909.66,30.86
55.0,100,18, NaN,0.0,100.00,940.52,909.66,30.86
56.0,100,17,100.00,0.0,95.00,952.67,921.33,31.33
56.0,100,17,90.00,0.0,95.00,952.67,921.33,31.33
56.0,100,17,90.00,0.0,95.00,952.67,921.33,31.33
56.0,100,17,90.00,0.0,95.00,952.67,921.33,31.33
57.0,100,16,75.00,0.0,92.22,961.77,930.32,31.45
57.0,100,17, NaN,0.0,100.00,961.77,930.32,31.45
57.0,100,17, NaN,0.0,100.00,961.77,930.32,31.45
57.0,100,17, NaN,0.0,100.00,961.77,930.32,31.45
57.0,100,17, NaN,0.0,100.00,961.77,930.32,31.45
57.0,100,17, NaN,0.0,100.00,961.77,930.32,31.45
57.0,100,17, NaN,0.0,100.00,961.77,930.32,31.45
57.0,100,17, NaN,0.0,100.00,961.77,930.32,31.45
58.0,100,16,60.00,0.0,97.22,955.31,923.91,31.41
59.0,100,15,110.00,0.0,88.33,967.73,937.12,30.61
59.0,100,16,20.00,20.0,98.89,967.73,937.12,30.61
59.0,100,16,20.00,20.0,98.89,967.73,937.12,30.61
59.0,100,16,20.00,20.0,98.89,967.73,937.12,30.61
59.0,100,16,20.00,20.0,98.89,967.73,937.12,30.61
59.0,100,16,20.00,20.0,98.89,967.73,937.12,30.61
59.0,100,16,20.00,20.0,98.89,967.73,937.12,30.61
60.0,100,15,45.00,20.0,95.56,957.65,927.21,30.44
60.0,100,15,80.00,0.0,95.56,957.65,927.21,30.44
60.0,100,15,80.00,0.0,95.56,957.65,927.21,30.44
61.0,100,14,70.00,0.0,92.78,956.14,925.43,30.71
62.0,100,14,130.00,0.0,92.78,960.97,930.56,30.42
62.0,100,15, NaN,0.0,99.44,960.97,930.56,30.42
62.0,100,15, NaN,0.0,99.44,960.97,930.56,30.42
62.0,100,15, NaN,0.0,99.44,960.97,930.56,30.42
63.0,100,14,110.00,0.0,93.89,959.05,928.51,30.54
63.0,100,15, NaN,0.0,99.44,959.05,928.51,30.54
63.0,100,15, NaN,0.0,99.44,959.05,928.51,30.54
63.0,100,15, NaN,0.0,99.44,959.05,928.51,30.54
63.0,100,15, NaN,0.0,99.44,959.05,928.51,30.54
63.0,100,15, NaN,0.0,99.44,959.05,928.51,30.54
64.0,100,14,100.00,0.0,94.44,965.66,935.00,30.66
65.0,100,13,125.00,0.0,86.67,976.28,945.51,30.77
66.0,100,13,95.00,40.0,90.00,998.50,968.25,30.25
67.0,100,13,110.00,30.0,88.33,1010.61,980.61,30.00
68.0,100,13,75.00,20.0,92.22,1026.31,996.90,29.40
68.0,100,14, NaN,0.0,100.00,1026.31,996.90,29.40
68.0,100,14, NaN,0.0,100.00,1026.31,996.90,29.40
68.0,100,14, NaN,0.0,100.00,1026.31,996.90,29.40
68.0,100,14, NaN,0.0,100.00,1026.31,996.90,29.40
68.0,100,14, NaN,0.0,100.00,1026.31,996.90,29.40
69.0,100,13,200.00,0.0,89.44,1036.28,1007.33,28.95
69.0,100,14, NaN,0.0,100.00,1036.28,1007.33,28.95
69.0,100,14, NaN,0.0,100.00,1036.28,1007.33,28.95
69.0,100,14, NaN,0.0,100.00,1036.28,1007.33,28.95
70.0,100,13,60.00,0.0,97.22,1047.27,1017.73,29.55
70.0,100,13,50.00,0.0,97.22,1047.27,1017.73,29.55
71.0,100,12,105.00,0.0,88.89,1069.11,1040.11,29.00
71.0,100,13, NaN,0.0,100.00,1069.11,1040.11,29.00
71.0,100,13, NaN,0.0,100.00,1069.11,1040.11,29.00
71.0,100,13, NaN,0.0,100.00,1069.11,1040.11,29.00
71.0,100,13, NaN,0.0,100.00,1069.11,1040.11,29.00
71.0,100,13, NaN,0.0,100.00,1069.11,1040.11,29.00
71.0,100,13, NaN,0.0,100.00,1069.11,1040.11,29.00
71.0,100,13, NaN,0.0,100.00,1069.11,1040.11,29.00
71.0,100,13, NaN,0.0,100.00,1069.11,1040.11,29.00
71.0,100,13, NaN,0.0,100.00,1069.11,1040.11,29.00
71.0,100,13, NaN,0.0,100.00,1069.11,1040.11,29.00
72.0,100,12,130.00,0.0,93.33,1085.33,1056.41,28.91
72.0,100,13, NaN,0.0,100.00,1085.33,1056.41,28.91
72.0,100,13, NaN,0.0,100.00,1085.33,1056.41,28.91
73.0,100,12,200.00,0.0,89.44,1100.53,1072.02,28.51
73.0,100,13, NaN,0.0,99.44,1100.53,1072.02,28.51
73.0,100,13, NaN,0.0,99.44,1100.53,1072.02,28.51
73.0,100,13, NaN,0.0,99.44,1100.53,1072.02,28.51
73.0,100,13, NaN,0.0,99.44,1100.53,1072.02,28.51
73.0,100,13, NaN,0.0,99.44,1100.53,1072.02,28.51
73.0,100,13, NaN,0.0,99.44,1100.53,1072.02,28.51
73.0,100,13, NaN,0.0,99.44,1100.53,1072.02,28.51
73.0,100,13, NaN,0.0,99.44,1100.53,1072.02,28.51
73.0,100,13, NaN,0.0,99.44,1100.53,1072.02,28.51
73.0,100,13, NaN,0.0,99.44,1100.53,1072.02,28.51
73.0,100,13, NaN,0.0,99.44,1100.53,1072.02,28.51
73.0,100,13, NaN,0.0,99.44,1100.53,1072.02,28.51
73.0,100,13, NaN,0.0,99.44,1100.53,1072.02,28.51
73.0,100,13, NaN,0.0,99.44,1100.53,1072.02,28.51
73.0,100,13, NaN,0.0,99.44,1100.53,1072.02,28.51
74.0,100,12,110.00,0.0,93.89,1091.67,1063.02,28.65
74.0,100,13, NaN,0.0,99.44,1091.67,1063.02,28.65
74.0,100,13, NaN,0.0,99.44,1091.67,1063.02,28.65
74.0,100,13, NaN,0.0,99.44,1091.67,1063.02,28.65
74.0,100,13, NaN,0.0,99.44,1091.67,1063.02,28.65
75.0,100,12,190.00,0.0,89.44,1105.10,1076.12,28.98
76.0,100,12,50.00,30.0,95.00,1099.80,1070.50,29.30
76.0,100,13, NaN,0.0,100.00,1099.80,1070.50,29.30
76.0,100,13, NaN,0.0,100.00,1099.80,1070.50,29.30
76.0,100,13, NaN,0.0,100.00,1099.80,1070.50,29.30
76.0,100,13, NaN,0.0,100.00,1099.80,1070.50,29.30
76.0,100,13, NaN,0.0,100.00,1099.80,1070.50,29.30
77.0,100,12,130.00,0.0,93.33,1114.80,1085.59,29.22
78.0,100,12,80.00,0.0,91.67,1099.71,1070.96,28.75
78.0,100,13, NaN,0.0,99.44,1099.71,1070.96,28.75
79.0,100,12,130.00,0.0,92.78,1118.96,1090.00,28.96
79.0,100,13, NaN,0.0,100.00,1118.96,1090.00,28.96
79.0,100,13, NaN,0.0,100.00,1118.96,1090.00,28.96
79.0,100,13, NaN,0.0,100.00,1118.96,1090.00,28.96
79.0,100,13, NaN,0.0,100.00,1118.96,1090.00,28.96
79.0,100,13, NaN,0.0,100.00,1118.96,1090.00,28.96
79.0,100,13, NaN,0.0,100.00,1118.96,1090.00,28.96
79.0,100,13, NaN,0.0,100.00,1118.96,1090.00,28.96
79.0,100,13, NaN,0.0,100.00,1118.96,1090.00,28.96
79.0,100,13, NaN,0.0,100.00,1118.96,1090.00,28.96
79.0,100,13, NaN,0.0,100.00,1118.96,1090.00,28.96
79.0,100,13, NaN,0.0,100.00,1118.96,1090.00,28.96
80.0,100,12,90.00,0.0,95.56,1113.33,1084.07,29.26
81.0,100,12,85.00,30.0,91.11,1127.73,1098.91,28.82
81.0,100,13,30.00,30.0,98.33,1127.73,1098.91,28.82
81.0,100,13,30.00,30.0,98.33,1127.73,1098.91,28.82
82.0,100,12,100.00,30.0,89.44,1148.48,1120.00,28.48
82.0,100,13, NaN,0.0,99.44,1148.48,1120.00,28.48
82.0,100,13, NaN,0.0,99.44,1148.48,1120.00,28.48
82.0,100,13, NaN,0.0,99.44,1148.48,1120.00,28.48
82.0,100,13, NaN,0.0,99.44,1148.48,1120.00,28.48
82.0,100,13, NaN,0.0,99.44,1148.48,1120.00,28.48
82.0,100,13, NaN,0.0,99.44,1148.48,1120.00,28.48
82.0,100,13, NaN,0.0,99.44,1148.48,1120.00,28.48
83.0,100,12,150.00,0.0,91.67,1164.91,1136.75,28.16
83.0,100,13,20.00,20.0,98.89,1164.91,1136.75,28.16
83.0,100,13,20.00,20.0,98.89,1164.91,1136.75,28.16
83.0,100,13,20.00,20.0,98.89,1164.91,1136.75,28.16
83.0,100,13,20.00,20.0,98.89,1164.91,1136.75,28.16
84.0,100,12,105.00,20.0,88.89,1178.88,1151.12,27.76
84.0,100,13,50.00,0.0,97.22,1178.88,1151.12,27.76
85.0,100,12,90.00,0.0,90.56,1178.14,1150.42,27.71
86.0,100,12,210.00,0.0,88.89,1192.42,1164.58,27.83
86.0,100,13, NaN,0.0,100.00,1192.42,1164.58,27.83
86.0,100,13, NaN,0.0,100.00,1192.42,1164.58,27.83
87.0,100,12,150.00,0.0,92.22,1210.98,1183.03,27.95
87.0,100,13, NaN,0.0,100.00,1210.98,1183.03,27.95
87.0,100,13, NaN,0.0,100.00,1210.98,1183.03,27.95
87.0,100,13, NaN,0.0,100.00,1210.98,1183.03,27.95
87.0,100,13, NaN,0.0,100.00,1210.98,1183.03,27.95
87.0,100,13, NaN,0.0,100.00,1210.98,1183.03,27.95
87.0,100,13, NaN,0.0,100.00,1210.98,1183.03,27.95
87.0,100,13, NaN,0.0,100.00,1210.98,1183.03,27.95
87.0,100,13, NaN,0.0,100.00,1210.98,1183.03,27.95
87.0,100,13, NaN,0.0,100.00,1210.98,1183.03,27.95
87.0,100,13, NaN,0.0,100.00,1210.98,1183.03,27.95
87.0,100,13, NaN,0.0,100.00,1210.98,1183.03,27.95
87.0,100,13, NaN,0.0,100.00,1210.98,1183.03,27.95
87.0,100,13, NaN,0.0,100.00,1210.98,1183.03,27.95
87.0,100,13, NaN,0.0,100.00,1210.98,1183.03,27.95
87.0,100,13, NaN,0.0,100.00,1210.98,1183.03,27.95
87.0,100,13, NaN,0.0,100.00,1210.98,1183.03,27.95
87.0,100,13, NaN,0.0,100.00,1210.98,1183.03,27.95
88.0,100,12,110.00,0.0,94.44,1204.52,1176.29,28.23
88.0,100,13, NaN,0.0,99.44,1204.52,1176.29,28.23
88.0,100,13, NaN,0.0,99.44,1204.52,1176.29,28.23
88.0,100,13, NaN,0.0,99.44,1204.52,1176.29,28.23
88.0,100,13, NaN,0.0,99.44,1204.52,1176.29,28.23
88.0,100,13, NaN,0.0,99.44,1204.52,1176.29,28.23
88.0,100,13, NaN,0.0,99.44,1204.52,1176.29,28.23
88.0,100,13, NaN,0.0,99.44,1204.52,1176.29,28.23
88.0,100,13, NaN,0.0,99.44,1204.52,1176.29,28.23
88.0,100,13, NaN,0.0,99.44,1204.52,1176.29,28.23
88.0,100,13, NaN,0.0,99.44,1204.52,1176.29,28.23
88.0,100,13, NaN,0.0,99.44,1204.52,1176.29,28.23
88.0,100,13, NaN,0.0,99.44,1204.52,1176.29,28.23
88.0,100,13, NaN,0.0,99.44,1204.52,1176.29,28.23
88.0,100,13, NaN,0.0,99.44,1204.52,1176.29,28.23
88.0,100,13, NaN,0.0,99.44,1204.52,1176.29,28.23
88.0,100,13, NaN,0.0,99.44,1204.52,1176.29,28.23
88.0,100,13, NaN,0.0,99.44,1204.52,1176.29,28.23
88.0,100,13, NaN,0.0,99.44,1204.52,1176.29,28.23
89.0,100,12,210.00,0.0,88.33,1222.46,1193.97,28.49
90.0,100,13,115.00,40.0,87.78,1244.14,1215.47,28.67
91.0,100,14,150.00,0.0,92.22,1246.23,1217.77,28.46
91.0,100,15, NaN,0.0,100.00,1246.23,1217.77,28.46
91.0,100,15, NaN,0.0,100.00,1246.23,1217.77,28.46
91.0,100,15, NaN,0.0,100.00,1246.23,1217.77,28.46
91.0,100,15, NaN,0.0,100.00,1246.23,1217.77,28.46
91.0,100,15, NaN,0.0,100.00,1246.23,1217.77,28.46
91.0,100,15, NaN,0.0,100.00,1246.23,1217.77,28.46
92.0,100,14,160.00,0.0,91.67,1257.12,1228.79,28.33
92.0,100,15, NaN,0.0,100.00,1257.12,1228.79,28.33
92.0,100,15, NaN,0.0,100.00,1257.12,1228.79,28.33
92.0,100,15, NaN,0.0,100.00,1257.12,1228.79,28.33
92.0,100,15, NaN,0.0,100.00,1257.12,1228.79,28.33
92.0,100,15, NaN,0.0,100.00,1257.12,1228.79,28.33
92.0,100,15, NaN,0.0,100.00,1257.12,1228.79,28.33
92.0,100,15, NaN,0.0,100.00,1257.12,1228.79,28.33
92.0,100,15, NaN,0.0,100.00,1257.12,1228.79,28.33
92.0,100,15, NaN,0.0,100.00,1257.12,1228.79,28.33
92.0,100,15, NaN,0.0,100.00,1257.12,1228.79,28.33
92.0,100,15, NaN,0.0,100.00,1257.12,1228.79,28.33
92.0,100,15, NaN,0.0,100.00,1257.12,1228.79,28.33
92.0,100,15, NaN,0.0,100.00,1257.12,1228.79,28.33
92.0,100,15, NaN,0.0,100.00,1257.12,1228.79,28.33
92.0,100,15, NaN,0.0,100.00,1257.12,1228.79,28.33
92.0,100,15, NaN,0.0,100.00,1257.12,1228.79,28.33
92.0,100,15, NaN,0.0,100.00,1257.12,1228.79,28.33
92.0,100,15, NaN,0.0,100.00,1257.12,1228.79,28.33
92.0,100,15, NaN,0.0,100.00,1257.12,1228.79,28.33
92.0,100,15, NaN,0.0,100.00,1257.12,1228.79,28.33
92.0,100,15, NaN,0.0,100.00,1257.12,1228.79,28.33
92.0,100,15, NaN,0.0,100.00,1257.12,1228.79,28.33
92.0,100,15, NaN,0.0,100.00,1257.12,1228.79,28.33
92.0,100,15, NaN,0.0,100.00,1257.12,1228.79,28.33
93.0,100,14,140.00,0.0,92.78,1270.52,1242.16,28.36
93.0,100,15,40.00,40.0,97.78,1270.52,1242.16,28.36
93.0,100,15,40.00,40.0,97.78,1270.52,1242.16,28.36
93.0,100,15,40.00,40.0,97.78,1270.52,1242.16,28.36
94.0,100,14,120.00,40.0,87.22,1293.38,1264.56,28.82
94.0,100,16, NaN,0.0,100.00,1293.38,1264.56,28.82
94.0,100,16, NaN,0.0,100.00,1293.38,1264.56,28.82
94.0,100,16, NaN,0.0,100.00,1293.38,1264.56,28.82
94.0,100,16, NaN,0.0,100.00,1293.38,1264.56,28.82
94.0,100,16, NaN,0.0,100.00,1293.38,1264.56,28.82
94.0,100,16, NaN,0.0,100.00,1293.38,1264.56,28.82
94.0,100,16, NaN,0.0,100.00,1293.38,1264.56,28.82
95.0,100,15,90.00,0.0,95.56,1281.30,1252.68,28.62
95.0,100,16,30.00,30.0,98.33,1281.30,1252.68,28.62
95.0,100,16,30.00,30.0,98.33,1281.30,1252.68,28.62
95.0,100,16,30.00,30.0,98.33,1281.30,1252.68,28.62
95.0,100,16,30.00,30.0,98.33,1281.30,1252.68,28.62
95.0,100,16,30.00,30.0,98.33,1281.30,1252.68,28.62
95.0,100,16,30.00,30.0,98.33,1281.30,1252.68,28.62
95.0,100,16,30.00,30.0,98.33,1281.30,1252.68,28.62
95.0,100,16,30.00,30.0,98.33,1281.30,1252.68,28.62
95.0,100,16,30.00,30.0,98.33,1281.30,1252.68,28.62
95.0,100,16,30.00,30.0,98.33,1281.30,1252.68,28.62
95.0,100,16,30.00,30.0,98.33,1281.30,1252.68,28.62
95.0,100,16,30.00,30.0,98.33,1281.30,1252.68,28.62
96.0,100,15,70.00,30.0,92.78,1271.79,1243.29,28.50
96.0,100,16,50.00,0.0,97.22,1271.79,1243.29,28.50
97.0,100,15,100.00,0.0,89.44,1274.44,1246.06,28.38
97.0,100,16, NaN,0.0,99.44,1274.44,1246.06,28.38
97.0,100,16, NaN,0.0,99.44,1274.44,1246.06,28.38
98.0,100,15,80.00,0.0,95.56,1269.03,1240.35,28.68
99.0,100,14,90.00,0.0,90.56,1256.23,1227.81,28.42
100.0,100,14,60.00,0.0,97.22,1249.39,1220.74,28.65
100.0,100,14,50.00,0.0,97.22,1249.39,1220.74,28.65
100.0,100,14,50.00,0.0,97.22,1249.39,1220.74,28.65
100.0,100,14,50.00,0.0,97.22,1249.39,1220.74,28.65
100.0,100,14,50.00,0.0,97.22,1249.39,1220.74,28.65
100.0,100,14,50.00,0.0,97.22,1249.39,1220.74,28.65
101.0,100,13,75.00,0.0,92.22,1246.07,1217.07,29.00
101.0,100,14, NaN,0.0,100.00,1246.07,1217.07,29.00
101.0,100,14, NaN,0.0,100.00,1246.07,1217.07,29.00
101.0,100,14, NaN,0.0,100.00,1246.07,1217.07,29.00
101.0,100,14, NaN,0.0,100.00,1246.07,1217.07,29.00
101.0,100,14, NaN,0.0,100.00,1246.07,1217.07,29.00
101.0,100,14, NaN,0.0,100.00,1246.07,1217.07,29.00
101.0,100,14, NaN,0.0,100.00,1246.07,1217.07,29.00
102.0,100,13,180.00,0.0,90.56,1267.11,1238.42,28.68
103.0,100,13,140.00,0.0,92.78,1284.74,1255.78,28.96
103.0,100,14,30.00,30.0,98.33,1284.74,1255.78,28.96
103.0,100,14,30.00,30.0,98.33,1284.74,1255.78,28.96
103.0,100,14,30.00,30.0,98.33,1284.74,1255.78,28.96
103.0,100,14,30.00,30.0,98.33,1284.74,1255.78,28.96
103.0,100,14,30.00,30.0,98.33,1284.74,1255.78,28.96
103.0,100,14,30.00,30.0,98.33,1284.74,1255.78,28.96
103.0,100,14,30.00,30.0,98.33,1284.74,1255.78,28.96
103.0,100,14,30.00,30.0,98.33,1284.74,1255.78,28.96
103.0,100,14,30.00,30.0,98.33,1284.74,1255.78,28.96
103.0,100,14,30.00,30.0,98.33,1284.74,1255.78,28.96
104.0,100,13,45.00,30.0,95.56,1273.78,1245.00,28.78
104.0,100,14,30.00,30.0,98.33,1273.78,1245.00,28.78
104.0,100,14,30.00,30.0,98.33,1273.78,1245.00,28.78
104.0,100,14,30.00,30.0,98.33,1273.78,1245.00,28.78
104.0,100,14,30.00,30.0,98.33,1273.78,1245.00,28.78
104.0,100,14,30.00,30.0,98.33,1273.78,1245.00,28.78
104.0,100,14,30.00,30.0,98.33,1273.78,1245.00,28.78
104.0,100,14,30.00,30.0,98.33,1273.78,1245.00,28.78
104.0,100,14,30.00,30.0,98.33,1273.78,1245.00,28.78
104.0,100,14,30.00,30.0,98.33,1273.78,1245.00,28.78
104.0,100,14,30.00,30.0,98.33,1273.78,1245.00,28.78
104.0,100,14,30.00,30.0,98.33,1273.78,1245.00,28.78
105.0,100,13,55.00,30.0,94.44,1268.23,1239.37,28.86
105.0,100,14, NaN,0.0,100.00,1268.23,1239.37,28.86
105.0,100,14, NaN,0.0,100.00,1268.23,1239.37,28.86
105.0,100,14, NaN,0.0,100.00,1268.23,1239.37,28.86
105.0,100,14, NaN,0.0,100.00,1268.23,1239.37,28.86
105.0,100,14, NaN,0.0,100.00,1268.23,1239.37,28.86
105.0,100,14, NaN,0.0,100.00,1268.23,1239.37,28.86
105.0,100,14, NaN,0.0,100.00,1268.23,1239.37,28.86
105.0,100,14, NaN,0.0,100.00,1268.23,1239.37,28.86
105.0,100,14, NaN,0.0,100.00,1268.23,1239.37,28.86
105.0,100,14, NaN,0.0,100.00,1268.23,1239.37,28.86
106.0,100,13,180.00,0.0,90.56,1266.88,1237.69,29.19
107.0,100,13,210.00,0.0,88.89,1267.22,1237.72,29.51
107.0,100,14, NaN,0.0,99.44,1267.22,1237.72,29.51
107.0,100,14, NaN,0.0,99.44,1267.22,1237.72,29.51
107.0,100,14, NaN,0.0,99.44,1267.22,1237.72,29.51
107.0,100,14, NaN,0.0,99.44,1267.22,1237.72,29.51
108.0,100,13,150.00,0.0,91.67,1269.02,1239.39,29.63
108.0,100,14, NaN,0.0,100.00,1269.02,1239.39,29.63
108.0,100,14, NaN,0.0,100.00,1269.02,1239.39,29.63
108.0,100,14, NaN,0.0,100.00,1269.02,1239.39,29.63
109.0,100,13,100.00,0.0,95.00,1261.57,1231.93,29.64
109.0,100,14, NaN,0.0,100.00,1261.57,1231.93,29.64
109.0,100,14, NaN,0.0,100.00,1261.57,1231.93,29.64
109.0,100,14, NaN,0.0,100.00,1261.57,1231.93,29.64
109.0,100,14, NaN,0.0,100.00,1261.57,1231.93,29.64
109.0,100,14, NaN,0.0,100.00,1261.57,1231.93,29.64
109.0,100,14, NaN,0.0,100.00,1261.57,1231.93,29.64
109.0,100,14, NaN,0.0,100.00,1261.57,1231.93,29.64
109.0,100,14, NaN,0.0,100.00,1261.57,1231.93,29.64
110.0,100,13,60.00,0.0,97.22,1249.94,1220.48,29.46
111.0,100,12,105.00,0.0,88.89,1254.65,1225.47,29.18
111.0,100,13, NaN,0.0,99.44,1254.65,1225.47,29.18
111.0,100,13, NaN,0.0,99.44,1254.65,1225.47,29.18
112.0,100,12,100.00,0.0,94.44,1252.91,1223.43,29.48
112.0,100,13, NaN,0.0,100.00,1252.91,1223.43,29.48
112.0,100,13, NaN,0.0,100.00,1252.91,1223.43,29.48
112.0,100,13, NaN,0.0,100.00,1252.91,1223.43,29.48
112.0,100,13, NaN,0.0,100.00,1252.91,1223.43,29.48
112.0,100,13, NaN,0.0,100.00,1252.91,1223.43,29.48
112.0,100,13, NaN,0.0,100.00,1252.91,1223.43,29.48
112.0,100,13, NaN,0.0,100.00,1252.91,1223.43,29.48
112.0,100,13, NaN,0.0,100.00,1252.91,1223.43,29.48
112.0,100,13, NaN,0.0,100.00,1252.91,1223.43,29.48
112.0,100,13, NaN,0.0,100.00,1252.91,1223.43,29.48
112.0,100,13, NaN,0.0,100.00,1252.91,1223.43,29.48
112.0,100,13, NaN,0.0,100.00,1252.91,1223.43,29.48
112.0,100,13, NaN,0.0,100.00,1252.91,1223.43,29.48
112.0,100,13, NaN,0.0,100.00,1252.91,1223.43,29.48
112.0,100,13, NaN,0.0,100.00,1252.91,1223.43,29.48
112.0,100,13, NaN,0.0,100.00,1252.91,1223.43,29.48
113.0,100,12,150.00,0.0,92.22,1249.89,1220.40,29.48
113.0,100,13, NaN,0.0,100.00,1249.89,1220.40,29.48
113.0,100,13, NaN,0.0,100.00,1249.89,1220.40,29.48
114.0,100,12,90.00,0.0,95.56,1243.13,1213.58,29.55
114.0,100,13, NaN,0.0,100.00,1243.13,1213.58,29.55
114.0,100,13, NaN,0.0,100.00,1243.13,1213.58,29.55
114.0,100,13, NaN,0.0,100.00,1243.13,1213.58,29.55
114.0,100,13, NaN,0.0,100.00,1243.13,1213.58,29.55
115.0,100,12,110.00,0.0,94.44,1238.60,1209.04,29.55
115.0,100,13,50.00,0.0,97.22,1238.60,1209.04,29.55
115.0,100,13,50.00,0.0,97.22,1238.60,1209.04,29.55
116.0,100,12,100.00,0.0,89.44,1239.06,1209.33,29.72
117.0,100,12,160.00,0.0,91.67,1251.70,1221.70,30.00
118.0,100,12,150.00,0.0,92.22,1242.88,1213.15,29.73
118.0,100,12,140.00,0.0,92.22,1242.88,1213.15,29.73
118.0,100,12,140.00,0.0,92.22,1242.88,1213.15,29.73
118.0,100,12,140.00,0.0,92.22,1242.88,1213.15,29.73
118.0,100,12,140.00,0.0,92.22,1242.88,1213.15,29.73
118.0,100,12,140.00,0.0,92.22,1242.88,1213.15,29.73
118.0,100,12,140.00,0.0,92.22,1242.88,1213.15,29.73
118.0,100,12,140.00,0.0,92.22,1242.88,1213.15,29.73
119.0,100,11,100.00,0.0,89.44,1230.70,1201.24,29.46
119.0,100,12, NaN,0.0,100.00,1230.70,1201.24,29.46
120.0,100,11,100.00,0.0,95.00,1222.39,1193.03,29.36
120.0,100,11,90.00,0.0,95.00,1222.39,1193.03,29.36
120.0,100,11,90.00,0.0,95.00,1222.39,1193.03,29.36
120.0,100,11,90.00,0.0,95.00,1222.39,1193.03,29.36
120.0,100,11,90.00,0.0,95.00,1222.39,1193.03,29.36
120.0,100,11,90.00,0.0,95.00,1222.39,1193.03,29.36
120.0,100,11,90.00,0.0,95.00,1222.39,1193.03,29.36
120.0,100,11,90.00,0.0,95.00,1222.39,1193.03,29.36
120.0,100,11,90.00,0.0,95.00,1222.39,1193.03,29.36
120.0,100,11,90.00,0.0,95.00,1222.39,1193.03,29.36
120.0,100,11,90.00,0.0,95.00,1222.39,1193.03,29.36
120.0,100,11,90.00,0.0,95.00,1222.39,1193.03,29.36
120.0,100,11,90.00,0.0,95.00,1222.39,1193.03,29.36
120.0,100,11,90.00,0.0,95.00,1222.39,1193.03,29.36
120.0,100,11,90.00,0.0,95.00,1222.39,1193.03,29.36
120.0,100,11,90.00,0.0,95.00,1222.39,1193.03,29.36
120.0,100,11,90.00,0.0,95.00,1222.39,1193.03,29.36
120.0,100,11,90.00,0.0,95.00,1222.39,1193.03,29.36
121.0,100,10,140.00,0.0,85.00,1222.89,1193.32,29.58
121.0,100,11,70.00,0.0,96.11,1222.89,1193.32,29.58
121.0,100,11,70.00,0.0,96.11,1222.89,1193.32,29.58
121.0,100,11,70.00,0.0,96.11,1222.89,1193.32,29.58
121.0,100,11,70.00,0.0,96.11,1222.89,1193.32,29.58
121.0,100,11,70.00,0.0,96.11,1222.89,1193.32,29.58
121.0,100,11,70.00,0.0,96.11,1222.89,1193.32,29.58
121.0,100,11,70.00,0.0,96.11,1222.89,1193.32,29.58
121.0,100,11,70.00,0.0,96.11,1222.89,1193.32,29.58
121.0,100,11,70.00,0.0,96.11,1222.89,1193.32,29.58
121.0,100,11,70.00,0.0,96.11,1222.89,1193.32,29.58
121.0,100,11,70.00,0.0,96.11,1222.89,1193.32,29.58
122.0,100,10,135.00,0.0,85.56,1222.29,1192.71,29.58
123.0,100,10,110.00,40.0,88.33,1244.48,1214.69,29.79
123.0,100,11, NaN,0.0,99.44,1244.48,1214.69,29.79
123.0,100,11, NaN,0.0,99.44,1244.48,1214.69,29.79
123.0,100,11, NaN,0.0,99.44,1244.48,1214.69,29.79
123.0,100,11, NaN,0.0,99.44,1244.48,1214.69,29.79
123.0,100,11, NaN,0.0,99.44,1244.48,1214.69,29.79
124.0,100,10,200.00,0.0,88.89,1240.82,1210.92,29.90
124.0,100,11, NaN,0.0,100.00,1240.82,1210.92,29.90
124.0,100,11, NaN,0.0,100.00,1240.82,1210.92,29.90
124.0,100,11, NaN,0.0,100.00,1240.82,1210.92,29.90
124.0,100,11, NaN,0.0,100.00,1240.82,1210.92,29.90
124.0,100,11, NaN,0.0,100.00,1240.82,1210.92,29.90
124.0,100,11, NaN,0.0,100.00,1240.82,1210.92,29.90
125.0,100,10,110.00,0.0,94.44,1236.87,1206.92,29.95
126.0,100,10,125.00,0.0,86.67,1250.70,1220.80,29.90
126.0,100,11,20.00,20.0,98.89,1250.70,1220.80,29.90
126.0,100,11,20.00,20.0,98.89,1250.70,1220.80,29.90
126.0,100,11,20.00,20.0,98.89,1250.70,1220.80,29.90
126.0,100,11,20.00,20.0,98.89,1250.70,1220.80,29.90
126.0,100,11,20.00,20.0,98.89,1250.70,1220.80,29.90
126.0,100,11,20.00,20.0,98.89,1250.70,1220.80,29.90
126.0,100,11,20.00,20.0,98.89,1250.70,1220.80,29.90
126.0,100,11,20.00,20.0,98.89,1250.70,1220.80,29.90
126.0,100,11,20.00,20.0,98.89,1250.70,1220.80,29.90
126.0,100,11,20.00,20.0,98.89,1250.70,1220.80,29.90
126.0,100,11,20.00,20.0,98.89,1250.70,1220.80,29.90
127.0,100,10,90.00,20.0,90.56,1247.03,1217.13,29.90
128.0,100,10,180.00,0.0,90.00,1267.45,1237.35,30.10
128.0,100,11, NaN,0.0,100.00,1267.45,1237.35,30.10
128.0,100,11, NaN,0.0,100.00,1267.45,1237.35,30.10
129.0,100,10,110.00,0.0,94.44,1265.44,1235.10,30.34
129.0,100,10,100.00,0.0,94.44,1265.44,1235.10,30.34
129.0,100,10,100.00,0.0,94.44,1265.44,1235.10,30.34
129.0,100,10,100.00,0.0,94.44,1265.44,1235.10,30.34
129.0,100,10,100.00,0.0,94.44,1265.44,1235.10,30.34
129.0,100,10,100.00,0.0,94.44,1265.44,1235.10,30.34
129.0,100,10,100.00,0.0,94.44,1265.44,1235.10,30.34
130.0,100,9,135.00,0.0,85.56,1285.14,1255.05,30.10
130.0,100,10,30.00,30.0,98.33,1285.14,1255.05,30.10
130.0,100,10,30.00,30.0,98.33,1285.14,1255.05,30.10
131.0,100,9,60.00,30.0,93.89,1279.62,1249.43,30.19
132.0,100,9,210.00,0.0,88.89,1282.36,1252.22,30.14
132.0,100,10, NaN,0.0,100.00,1282.36,1252.22,30.14
132.0,100,10, NaN,0.0,100.00,1282.36,1252.22,30.14
132.0,100,10, NaN,0.0,100.00,1282.36,1252.22,30.14
132.0,100,10, NaN,0.0,100.00,1282.36,1252.22,30.14
132.0,100,10, NaN,0.0,100.00,1282.36,1252.22,30.14
132.0,100,10, NaN,0.0,100.00,1282.36,1252.22,30.14
132.0,100,10, NaN,0.0,100.00,1282.36,1252.22,30.14
132.0,100,10, NaN,0.0,100.00,1282.36,1252.22,30.14
132.0,100,10, NaN,0.0,100.00,1282.36,1252.22,30.14
132.0,100,10, NaN,0.0,100.00,1282.36,1252.22,30.14
132.0,100,10, NaN,0.0,100.00,1282.36,1252.22,30.14
132.0,100,10, NaN,0.0,100.00,1282.36,1252.22,30.14
132.0,100,10, NaN,0.0,100.00,1282.36,1252.22,30.14
132.0,100,10, NaN,0.0,100.00,1282.36,1252.22,30.14
132.0,100,10, NaN,0.0,100.00,1282.36,1252.22,30.14
132.0,100,10, NaN,0.0,100.00,1282.36,1252.22,30.14
132.0,100,10, NaN,0.0,100.00,1282.36,1252.22,30.14
132.0,100,10, NaN,0.0,100.00,1282.36,1252.22,30.14
132.0,100,10, NaN,0.0,100.00,1282.36,1252.22,30.14
132.0,100,10, NaN,0.0,100.00,1282.36,1252.22,30.14
132.0,100,10, NaN,0.0,100.00,1282.36,1252.22,30.14
132.0,100,10, NaN,0.0,100.00,1282.36,1252.22,30.14
133.0,100,9,200.00,0.0,89.44,1282.36,1252.22,30.14
133.0,100,10,20.00,20.0,98.89,1282.36,1252.22,30.14
133.0,100,10,20.00,20.0,98.89,1282.36,1252.22,30.14
134.0,100,9,130.00,20.0,86.11,1282.36,1252.22,30.14
134.0,100,10,30.00,30.0,98.33,1282.36,1252.22,30.14
134.0,100,10,30.00,30.0,98.33,1282.36,1252.22,30.14
134.0,100,10,30.00,30.0,98.33,1282.36,1252.22,30.14
134.0,100,10,30.00,30.0,98.33,1282.36,1252.22,30.14
134.0,100,10,30.00,30.0,98.33,1282.36,1252.22,30.14
134.0,100,10,30.00,30.0,98.33,1282.36,1252.22,30.14
134.0,100,10,30.00,30.0,98.33,1282.36,1252.22,30.14
134.0,100,10,30.00,30.0,98.33,1282.36,1252.22,30.14
135.0,100,9,130.00,30.0,86.11,1282.36,1252.22,30.14
135.0,100,10, NaN,0.0,100.00,1282.36,1252.22,30.14
136.0,100,9,190.00,0.0,90.00,1282.36,1252.22,30.14
136.0,100,10, NaN,0.0,99.44,1282.36,1252.22,30.14
136.0,100,10, NaN,0.0,99.44,1282.36,1252.22,30.14
136.0,100,10, NaN,0.0,99.44,1282.36,1252.22,30.14
136.0,100,10, NaN,0.0,99.44,1282.36,1252.22,30.14
136.0,100,10, NaN,0.0,99.44,1282.36,1252.22,30.14
136.0,100,10, NaN,0.0,99.44,1282.36,1252.22,30.14
136.0,100,10, NaN,0.0,99.44,1282.36,1252.22,30.14
136.0,100,10, NaN,0.0,99.44,1282.36,1252.22,30.14
137.0,100,9,230.00,0.0,87.22,1282.36,1252.22,30.14
137.0,100,10, NaN,0.0,99.44,1282.36,1252.22,30.14
137.0,100,10, NaN,0.0,99.44,1282.36,1252.22,30.14
137.0,100,10, NaN,0.0,99.44,1282.36,1252.22,30.14
137.0,100,10, NaN,0.0,99.44,1282.36,1252.22,30.14
137.0,100,10, NaN,0.0,99.44,1282.36,1252.22,30.14
137.0,100,10, NaN,0.0,99.44,1282.36,1252.22,30.14
137.0,100,10, NaN,0.0,99.44,1282.36,1252.22,30.14
138.0,100,9,60.00,0.0,96.67,1282.36,1252.22,30.14
138.0,100,10, NaN,0.0,100.00,1282.36,1252.22,30.14
138.0,100,10, NaN,0.0,100.00,1282.36,1252.22,30.14
138.0,100,10, NaN,0.0,100.00,1282.36,1252.22,30.14
138.0,100,10, NaN,0.0,100.00,1282.36,1252.22,30.14
138.0,100,10, NaN,0.0,100.00,1282.36,1252.22,30.14
138.0,100,10, NaN,0.0,100.00,1282.36,1252.22,30.14
138.0,100,10, NaN,0.0,100.00,1282.36,1252.22,30.14
139.0,100,9,210.00,0.0,88.89,1282.36,1252.22,30.14
139.0,100,10, NaN,0.0,100.00,1282.36,1252.22,30.14
139.0,100,10, NaN,0.0,100.00,1282.36,1252.22,30.14
139.0,100,10, NaN,0.0,100.00,1282.36,1252.22,30.14
139.0,100,10, NaN,0.0,100.00,1282.36,1252.22,30.14
139.0,100,10, NaN,0.0,100.00,1282.36,1252.22,30.14
139.0,100,10, NaN,0.0,100.00,1282.36,1252.22,30.14
139.0,100,10, NaN,0.0,100.00,1282.36,1252.22,30.14
139.0,100,10, NaN,0.0,100.00,1282.36,1252.22,30.14
140.0,100,9,230.00,0.0,87.78,1282.36,1252.22,30.14
140.0,100,10, NaN,0.0,99.44,1282.36,1252.22,30.14
140.0,100,10, NaN,0.0,99.44,1282.36,1252.22,30.14
140.0,100,10, NaN,0.0,99.44,1282.36,1252.22,30.14
140.0,100,10, NaN,0.0,99.44,1282.36,1252.22,30.14
140.0,100,10, NaN,0.0,99.44,1282.36,1252.22,30.14
140.0,100,10, NaN,0.0,99.44,1282.36,1252.22,30.14
141.0,100,9,210.00,0.0,88.33,1282.36,1252.22,30.14
141.0,100,10, NaN,0.0,100.00,1282.36,1252.22,30.14
141.0,100,10, NaN,0.0,100.00,1282.36,1252.22,30.14
141.0,100,10, NaN,0.0,100.00,1282.36,1252.22,30.14
141.0,100,10, NaN,0.0,100.00,1282.36,1252.22,30.14
141.0,100,10, NaN,0.0,100.00,1282.36,1252.22,30.14
141.0,100,10, NaN,0.0,100.00,1282.36,1252.22,30.14
141.0,100,10, NaN,0.0,100.00,1282.36,1252.22,30.14
141.0,100,10, NaN,0.0,100.00,1282.36,1252.22,30.14
142.0,100,9,180.00,0.0,90.56,1282.36,1252.22,30.14
142.0,100,10, NaN,0.0,99.44,1282.36,1252.22,30.14
142.0,100,10, NaN,0.0,99.44,1282.36,1252.22,30.14
142.0,100,10, NaN,0.0,99.44,1282.36,1252.22,30.14
142.0,100,10, NaN,0.0,99.44,1282.36,1252.22,30.14
142.0,100,10, NaN,0.0,99.44,1282.36,1252.22,30.14
142.0,100,10, NaN,0.0,99.44,1282.36,1252.22,30.14
142.0,100,10, NaN,0.0,99.44,1282.36,1252.22,30.14
142.0,100,10, NaN,0.0,99.44,1282.36,1252.22,30.14
142.0,100,10, NaN,0.0,99.44,1282.36,1252.22,30.14
142.0,100,10, NaN,0.0,99.44,1282.36,1252.22,30.14
142.0,100,10, NaN,0.0,99.44,1282.36,1252.22,30.14
143.0,100,9,120.00,0.0,93.33,1282.36,1252.22,30.14
143.0,100,10,30.00,30.0,98.33,1282.36,1252.22,30.14
143.0,100,10,30.00,30.0,98.33,1282.36,1252.22,30.14
144.0,100,9,120.00,30.0,87.22,1282.36,1252.22,30.14
144.0,100,10, NaN,0.0,100.00,1282.36,1252.22,30.14
144.0,100,10, NaN,0.0,100.00,1282.36,1252.22,30.14
144.0,100,10, NaN,0.0,100.00,1282.36,1252.22,30.14
145.0,100,9,230.00,0.0,87.78,1282.36,1252.22,30.14
145.0,100,10, NaN,0.0,100.00,1282.36,1252.22,30.14
145.0,100,10, NaN,0.0,100.00,1282.36,1252.22,30.14
145.0,100,10, NaN,0.0,100.00,1282.36,1252.22,30.14
146.0,100,9,210.00,0.0,88.89,1282.36,1252.22,30.14
146.0,100,10, NaN,0.0,100.00,1282.36,1252.22,30.14
146.0,100,10, NaN,0.0,100.00,1282.36,1252.22,30.14
146.0,100,10, NaN,0.0,100.00,1282.36,1252.22,30.14
146.0,100,10, NaN,0.0,100.00,1282.36,1252.22,30.14
146.0,100,10, NaN,0.0,100.00,1282.36,1252.22,30.14
146.0,100,10, NaN,0.0,100.00,1282.36,1252.22,30.14
146.0,100,10, NaN,0.0,100.00,1282.36,1252.22,30.14
146.0,100,10, NaN,0.0,100.00,1282.36,1252.22,30.14
147.0,100,9,100.00,0.0,95.00,1282.36,1252.22,30.14
147.0,100,10, NaN,0.0,100.00,1282.36,1252.22,30.14
147.0,100,10, NaN,0.0,100.00,1282.36,1252.22,30.14
147.0,100,10, NaN,0.0,100.00,1282.36,1252.22,30.14
147.0,100,10, NaN,0.0,100.00,1282.36,1252.22,30.14
147.0,100,10, NaN,0.0,100.00,1282.36,1252.22,30.14
148.0,100,9,260.00,0.0,86.11,1282.36,1252.22,30.14
148.0,100,10, NaN,0.0,99.44,1282.36,1252.22,30.14
148.0,100,10, NaN,0.0,99.44,1282.36,1252.22,30.14
148.0,100,10, NaN,0.0,99.44,1282.36,1252.22,30.14
148.0,100,10, NaN,0.0,99.44,1282.36,1252.22,30.14
148.0,100,10, NaN,0.0,99.44,1282.36,1252.22,30.14
149.0,100,9,220.00,0.0,87.78,1282.36,1252.22,30.14
149.0,100,10, NaN,0.0,100.00,1282.36,1252.22,30.14
150.0,100,9,180.00,0.0,90.56,1282.36,1252.22,30.14
150.0,100,10,40.00,40.0,97.78,1282.36,1252.22,30.14
150.0,100,10,40.00,40.0,97.78,1282.36,1252.22,30.14
150.0,100,10,40.00,40.0,97.78,1282.36,1252.22,30.14
151.0,100,9,105.00,40.0,88.89,1282.36,1252.22,30.14
152.0,100,9,220.00,0.0,88.33,1282.36,1252.22,30.14
152.0,100,10, NaN,0.0,100.00,1282.36,1252.22,30.14
152.0,100,10, NaN,0.0,100.00,1282.36,1252.22,30.14
152.0,100,10, NaN,0.0,100.00,1282.36,1252.22,30.14
152.0,100,10, NaN,0.0,100.00,1282.36,1252.22,30.14
152.0,100,10, NaN,0.0,100.00,1282.36,1252.22,30.14
152.0,100,10, NaN,0.0,100.00,1282.36,1252.22,30.14
152.0,100,10, NaN,0.0,100.00,1282.36,1252.22,30.14
153.0,100,9,230.00,0.0,87.78,1282.36,1252.22,30.14
153.0,100,10, NaN,0.0,99.44,1282.36,1252.22,30.14
154.0,100,9,220.00,0.0,87.78,1282.36,1252.22,30.14
155.0,100,9,100.00,0.0,94.44,1282.36,1252.22,30.14
155.0,100,10,40.00,40.0,97.78,1282.36,1252.22,30.14
156.0,100,9,135.00,40.0,85.56,1282.36,1252.22,30.14
156.0,100,10,40.00,40.0,97.78,1282.36,1252.22,30.14
156.0,100,10,40.00,40.0,97.78,1282.36,1252.22,30.14
156.0,100,10,40.00,40.0,97.78,1282.36,1252.22,30.14
156.0,100,10,40.00,40.0,97.78,1282.36,1252.22,30.14
156.0,100,10,40.00,40.0,97.78,1282.36,1252.22,30.14
156.0,100,10,40.00,40.0,97.78,1282.36,1252.22,30.14
156.0,100,10,40.00,40.0,97.78,1282.36,1252.22,30.14
156.0,100,10,40.00,40.0,97.78,1282.36,1252.22,30.14
156.0,100,10,40.00,40.0,97.78,1282.36,1252.22,30.14
156.0,100,10,40.00,40.0,97.78,1282.36,1252.22,30.14
156.0,100,10,40.00,40.0,97.78,1282.36,1252.22,30.14
156.0,100,10,40.00,40.0,97.78,1282.36,1252.22,30.14
157.0,100,9,55.00,40.0,94.44,1282.36,1252.22,30.14
157.0,100,10,40.00,40.0,97.78,1282.36,1252.22,30.14
157.0,100,10,40.00,40.0,97.78,1282.36,1252.22,30.14
157.0,100,10,40.00,40.0,97.78,1282.36,1252.22,30.14
157.0,100,10,40.00,40.0,97.78,1282.36,1252.22,30.14
157.0,100,10,40.00,40.0,97.78,1282.36,1252.22,30.14
157.0,100,10,40.00,40.0,97.78,1282.36,1252.22,30.14
157.0,100,10,40.00,40.0,97.78,1282.36,1252.22,30.14
157.0,100,10,40.00,40.0,97.78,1282.36,1252.22,30.14
157.0,100,10,40.00,40.0,97.78,1282.36,1252.22,30.14
157.0,100,10,40.00,40.0,97.78,1282.36,1252.22,30.14
157.0,100,10,40.00,40.0,97.78,1282.36,1252.22,30.14
157.0,100,10,40.00,40.0,97.78,1282.36,1252.22,30.14
157.0,100,10,40.00,40.0,97.78,1282.36,1252.22,30.14
158.0,100,9,130.00,40.0,86.11,1282.36,1252.22,30.14
158.0,100,10,20.00,20.0,98.89,1282.36,1252.22,30.14
158.0,100,10,20.00,20.0,98.89,1282.36,1252.22,30.14
158.0,100,10,20.00,20.0,98.89,1282.36,1252.22,30.14
158.0,100,10,20.00,20.0,98.89,1282.36,1252.22,30.14
158.0,100,10,20.00,20.0,98.89,1282.36,1252.22,30.14
158.0,100,10,20.00,20.0,98.89,1282.36,1252.22,30.14
158.0,100,10,20.00,20.0,98.89,1282.36,1252.22,30.14
158.0,100,10,20.00,20.0,98.89,1282.36,1252.22,30.14
158.0,100,10,20.00,20.0,98.89,1282.36,1252.22,30.14
158.0,100,10,20.00,20.0,98.89,1282.36,1252.22,30.14
158.0,100,10,20.00,20.0,98.89,1282.36,1252.22,30.14
158.0,100,10,20.00,20.0,98.89,1282.36,1252.22,30.14
159.0,100,9,125.00,20.0,86.67,1282.36,1252.22,30.14
159.0,100,10, NaN,0.0,99.44,1282.36,1252.22,30.14
159.0,100,10, NaN,0.0,99.44,1282.36,1252.22,30.14
159.0,100,10, NaN,0.0,99.44,1282.36,1252.22,30.14
159.0,100,10, NaN,0.0,99.44,1282.36,1252.22,30.14
159.0,100,10, NaN,0.0,99.44,1282.36,1252.22,30.14
160.0,100,9,210.00,0.0,88.33,1282.36,1252.22,30.14
160.0,100,10, NaN,0.0,99.44,1282.36,1252.22,30.14
160.0,100,10, NaN,0.0,99.44,1282.36,1252.22,30.14
160.0,100,10, NaN,0.0,99.44,1282.36,1252.22,30.14
160.0,100,10, NaN,0.0,99.44,1282.36,1252.22,30.14
161.0,100,9,240.00,0.0,86.67,1282.36,1252.22,30.14
161.0,100,10,30.00,30.0,98.33,1282.36,1252.22,30.14
162.0,100,9,50.00,30.0,95.00,1282.36,1252.22,30.14
162.0,100,10, NaN,0.0,100.00,1282.36,1252.22,30.14
162.0,100,10, NaN,0.0,100.00,1282.36,1252.22,30.14
162.0,100,10, NaN,0.0,100.00,1282.36,1252.22,30.14