0.0,0,1,1500.00,0.0,16.67,,,
0.0,0,1,1500.00,0.0,16.67,,,
0.0,0,2,1200.00,0.0,33.33,,,
0.0,0,2,1200.00,0.0,33.33,,,
0.0,0,4,880.00,0.0,51.11,,,
0.0,0,5,670.00,0.0,62.78,,,
0.0,0,6,610.00,0.0,66.11,,,
1.0,0,6,345.00,0.0,62.22,,,
1.0,0,6,345.00,0.0,62.22,,,
1.0,0,7,230.00,0.0,75.00,,,
1.0,0,7,230.00,0.0,75.00,,,
1.0,0,9,160.00,0.0,91.11,,,
1.0,1,9,160.00,0.0,91.11,,,
1.0,2,9,160.00,0.0,91.11,,,
1.0,4,9,160.00,0.0,91.11,,,
1.0,4,10,100.00,0.0,94.44,,,
1.0,5,10,100.00,0.0,94.44,,,
1.0,5,10,100.00,0.0,94.44,,,
1.0,6,10,100.00,0.0,94.44,,,
1.0,7,10,100.00,0.0,94.44,,,
1.0,8,10,100.00,0.0,94.44,,,
1.0,9,10,100.00,0.0,94.44,,,
1.0,10,10,100.00,0.0,94.44,,,
1.0,10,10,100.00,0.0,94.44,,,
1.0,11,10,100.00,0.0,94.44,,,
1.0,11,10,100.00,0.0,94.44,,,
1.0,12,10,100.00,0.0,94.44,,,
1.0,13,10,100.00,0.0,94.44,,,
1.0,14,10,100.00,0.0,94.44,,,
1.0,15,11,30.00,30.0,98.33,,,
2.0,15,10,50.00,30.0,95.00,,,
3.0,15,10,105.00,30.0,88.89,,,
3.0,15,11,30.00,30.0,98.33,,,
3.0,16,11,30.00,30.0,98.33,,,
3.0,17,11,30.00,30.0,98.33,,,
3.0,19,11,30.00,30.0,98.33,,,
3.0,21,11,30.00,30.0,98.33,,,
3.0,25,11,30.00,30.0,98.33,,,
3.0,25,11,30.00,30.0,98.33,,,
4.0,26,10,100.00,0.0,94.44,,,
5.0,26,9,100.00,0.0,89.44,,,
5.0,28,10,100.00,0.0,95.00,,,
6.0,28,10,100.00,20.0,90.00,,,
7.0,27,10,43.33,40.0,94.44,,,
7.0,28,10,43.33,40.0,94.44,,,
7.0,28,10,43.33,40.0,94.44,,,
7.0,29,10,43.33,40.0,94.44,,,
7.0,30,10,43.33,40.0,94.44,,,
7.0,30,10,43.33,40.0,94.44,,,
7.0,31,10,43.33,40.0,94.44,,,
7.0,32,10,43.33,40.0,94.44,,,
7.0,32,10,43.33,40.0,94.44,,,
7.0,34,10,43.33,40.0,94.44,,,
7.0,34,10,43.33,40.0,94.44,,,
7.0,35,10,43.33,40.0,94.44,,,
7.0,35,11,26.67,80.0,97.22,,,
7.0,36,11,26.67,80.0,97.22,,,
7.0,38,11,26.67,80.0,97.22,,,
7.0,40,11,26.67,80.0,97.22,,,
8.0,41,10,72.50,80.0,86.11,,,
8.0,41,11,27.50,110.0,96.11,,,
8.0,42,11,27.50,110.0,96.11,,,
8.0,42,11,27.50,110.0,96.11,,,
8.0,44,11,27.50,110.0,96.11,,,
9.0,44,10,84.00,110.0,79.44,,,
9.0,44,12,26.00,130.0,95.56,,,
9.0,45,12,26.00,130.0,95.56,,,
10.0,46,11,72.00,90.0,82.78,,,
10.0,47,12,30.00,90.0,94.44,,,
10.0,47,12,30.00,90.0,94.44,,,
10.0,48,12,30.00,90.0,94.44,,,
11.0,49,11,48.00,60.0,88.89,,,
11.0,48,12,28.00,80.0,94.44,,,
11.0,50,12,28.00,80.0,94.44,,,
11.0,50,12,28.00,80.0,94.44,,,
11.0,51,12,28.00,80.0,94.44,,,
11.0,52,12,28.00,80.0,94.44,,,
12.0,52,11,33.33,80.0,91.67,,,
12.0,54,11,33.33,80.0,91.67,,,
12.0,54,11,33.33,80.0,91.67,,,
12.0,55,11,33.33,80.0,91.67,,,
12.0,56,11,33.33,80.0,91.67,,,
12.0,58,12,28.00,80.0,94.44,,,
12.0,58,12,28.00,80.0,94.44,,,
12.0,59,12,28.00,80.0,94.44,,,
12.0,59,12,28.00,80.0,94.44,,,
12.0,60,12,28.00,80.0,94.44,,,
12.0,60,12,28.00,80.0,94.44,,,
12.0,62,12,28.00,80.0,94.44,,,
12.0,64,12,28.00,80.0,94.44,,,
13.0,64,11,70.00,80.0,82.78,,,
13.0,64,13,20.00,80.0,97.22,,,
14.0,65,12,95.00,60.0,80.56,,,
14.0,65,13,22.50,90.0,96.67,,,
14.0,65,13,22.50,90.0,96.67,,,
14.0,66,13,22.50,90.0,96.67,,,
15.0,67,12,32.00,90.0,93.33,,,
15.0,67,12,32.00,90.0,93.33,,,
15.0,69,12,32.00,90.0,93.33,,,
15.0,69,12,32.00,90.0,93.33,,,
15.0,69,13,22.50,90.0,96.67,,,
16.0,71,12,37.50,70.0,93.33,,,
16.0,71,13,22.50,90.0,96.67,,,
16.0,72,13,22.50,90.0,96.67,,,
17.0,72,12,75.00,70.0,85.00,,,
17.0,71,14,23.33,70.0,97.22,,,
17.0,73,14,23.33,70.0,97.22,,,
17.0,74,14,23.33,70.0,97.22,,,
17.0,74,14,23.33,70.0,97.22,,,
17.0,75,14,23.33,70.0,97.22,,,
17.0,77,14,23.33,70.0,97.22,,,
17.0,79,14,23.33,70.0,97.22,,,
17.0,81,14,23.33,70.0,97.22,,,
17.0,81,14,23.33,70.0,97.22,,,
17.0,82,14,23.33,70.0,97.22,,,
17.0,82,14,23.33,70.0,97.22,,,
17.0,83,14,23.33,70.0,97.22,,,
17.0,85,14,23.33,70.0,97.22,,,
17.0,85,14,23.33,70.0,97.22,,,
17.0,86,14,23.33,70.0,97.22,,,
17.0,86,14,23.33,70.0,97.22,,,
17.0,88,14,23.33,70.0,97.22,,,
17.0,89,14,23.33,70.0,97.22,,,
17.0,90,14,23.33,70.0,97.22,,,
17.0,91,14,23.33,70.0,97.22,,,
17.0,92,14,23.33,70.0,97.22,,,
17.0,93,14,23.33,70.0,97.22,,,
17.0,93,14,23.33,70.0,97.22,,,
17.0,95,14,23.33,70.0,97.22,,,
18.0,97,13,60.00,70.0,88.33,,,
18.0,96,14,22.50,90.0,96.67,,,
19.0,98,13,42.00,90.0,90.56,,,
19.0,99,14,22.50,90.0,96.67,,,
19.0,100,14,22.50,90.0,96.67,,,
19.0,100,14,22.50,90.0,96.67,,,
19.0,100,14,22.50,90.0,96.67,,,
20.0,100,13,47.50,70.0,91.11,,,
20.0,100,14,25.00,100.0,96.11,,,
20.0,100,14,25.00,100.0,96.11,,,
20.0,100,14,25.00,100.0,96.11,,,
20.0,100,14,25.00,100.0,96.11,,,
20.0,100,14,25.00,100.0,96.11,,,
20.0,100,14,25.00,100.0,96.11,,,
20.0,100,14,25.00,100.0,96.11,,,
20.0,100,14,25.00,100.0,96.11,,,
20.0,100,14,25.00,100.0,96.11,,,
20.0,100,14,25.00,100.0,96.11,,,
21.0,100,13,97.50,70.0,80.00,,,
21.0,100,14,25.00,100.0,96.11,,,
21.0,100,14,25.00,100.0,96.11,,,
21.0,100,14,25.00,100.0,96.11,,,
21.0,100,14,25.00,100.0,96.11,,,
21.0,100,14,25.00,100.0,96.11,,,
21.0,100,14,25.00,100.0,96.11,,,
21.0,100,14,25.00,100.0,96.11,,,
21.0,100,14,25.00,100.0,96.11,,,
21.0,100,14,25.00,100.0,96.11,,,
21.0,100,14,25.00,100.0,96.11,,,
22.0,100,13,50.00,80.0,90.56,,,
22.0,100,14,25.00,100.0,96.11,,,
22.0,100,14,25.00,100.0,96.11,,,
22.0,100,14,25.00,100.0,96.11,,,
22.0,100,14,25.00,100.0,96.11,,,
23.0,100,13,70.00,80.0,86.11,,,
23.0,100,15,25.00,100.0,96.11,,,
24.0,100,14,45.00,80.0,91.67,,,
25.0,100,14,65.00,70.0,87.22,,,
25.0,100,15,27.50,110.0,95.56,,,
25.0,100,15,27.50,110.0,95.56,,,
25.0,100,15,27.50,110.0,95.56,,,
25.0,100,15,27.50,110.0,95.56,,,
25.0,100,15,27.50,110.0,95.56,,,
25.0,100,15,27.50,110.0,95.56,,,
25.0,100,15,27.50,110.0,95.56,,,
26.0,100,14,46.00,110.0,89.44,,,
26.0,100,15,28.00,140.0,94.44,,,
26.0,100,15,28.00,140.0,94.44,,,
26.0,100,15,28.00,140.0,94.44,,,
26.0,100,15,28.00,140.0,94.44,,,
26.0,100,15,28.00,140.0,94.44,,,
26.0,100,15,28.00,140.0,94.44,,,
26.0,100,15,28.00,140.0,94.44,,,
26.0,100,15,28.00,140.0,94.44,,,
26.0,100,15,28.00,140.0,94.44,,,
26.0,100,15,28.00,140.0,94.44,,,
26.0,100,15,28.00,140.0,94.44,,,
26.0,100,15,28.00,140.0,94.44,,,
26.0,100,15,28.00,140.0,94.44,,,
26.0,100,15,28.00,140.0,94.44,,,
26.0,100,15,28.00,140.0,94.44,,,
26.0,100,15,28.00,140.0,94.44,,,
26.0,100,15,28.00,140.0,94.44,,,
26.0,100,15,28.00,140.0,94.44,,,
26.0,100,15,28.00,140.0,94.44,,,
26.0,100,15,28.00,140.0,94.44,,,
27.0,100,14,44.00,120.0,90.00,,,
28.0,100,14,58.00,100.0,86.11,,,
29.0,100,14,56.67,140.0,83.89,,,
29.0,100,15,30.00,180.0,92.78,,,
29.0,100,15,30.00,180.0,92.78,,,
29.0,100,15,30.00,180.0,92.78,,,
29.0,100,15,30.00,180.0,92.78,,,
29.0,100,15,30.00,180.0,92.78,,,
29.0,100,15,30.00,180.0,92.78,,,
30.0,100,14,45.00,150.0,87.78,580.00,570.00,10.00
30.0,100,15,31.67,190.0,92.22,580.00,570.00,10.00
30.0,100,15,31.67,190.0,92.22,580.00,570.00,10.00
30.0,100,15,31.67,190.0,92.22,580.00,570.00,10.00
30.0,100,15,31.67,190.0,92.22,580.00,570.00,10.00
30.0,100,15,31.67,190.0,92.22,580.00,570.00,10.00
30.0,100,15,31.67,190.0,92.22,580.00,570.00,10.00
30.0,100,15,31.67,190.0,92.22,580.00,570.00,10.00
30.0,100,15,31.67,190.0,92.22,580.00,570.00,10.00
30.0,100,15,31.67,190.0,92.22,580.00,570.00,10.00
31.0,100,14,48.33,150.0,86.67,767.50,735.00,32.50
31.0,100,15,28.33,170.0,93.33,767.50,735.00,32.50
31.0,100,15,28.33,170.0,93.33,767.50,735.00,32.50
31.0,100,15,28.33,170.0,93.33,767.50,735.00,32.50
32.0,100,14,46.67,150.0,87.22,790.00,758.33,31.67
32.0,100,16,30.00,150.0,93.89,790.00,758.33,31.67
32.0,100,16,30.00,150.0,93.89,790.00,758.33,31.67
32.0,100,16,30.00,150.0,93.89,790.00,758.33,31.67
32.0,100,16,30.00,150.0,93.89,790.00,758.33,31.67
32.0,100,16,30.00,150.0,93.89,790.00,758.33,31.67
32.0,100,16,30.00,150.0,93.89,790.00,758.33,31.67
33.0,100,15,40.00,150.0,89.44,761.25,735.00,26.25
33.0,100,16,30.00,150.0,93.89,761.25,735.00,26.25
33.0,100,16,30.00,150.0,93.89,761.25,735.00,26.25
33.0,100,16,30.00,150.0,93.89,761.25,735.00,26.25
33.0,100,16,30.00,150.0,93.89,761.25,735.00,26.25
33.0,100,16,30.00,150.0,93.89,761.25,735.00,26.25
34.0,100,15,51.67,150.0,85.56,815.00,787.00,28.00
34.0,100,17,30.00,150.0,93.89,815.00,787.00,28.00
34.0,100,17,30.00,150.0,93.89,815.00,787.00,28.00
34.0,100,17,30.00,150.0,93.89,815.00,787.00,28.00
34.0,100,17,30.00,150.0,93.89,815.00,787.00,28.00
34.0,100,17,30.00,150.0,93.89,815.00,787.00,28.00
34.0,100,17,30.00,150.0,93.89,815.00,787.00,28.00
34.0,100,17,30.00,150.0,93.89,815.00,787.00,28.00
34.0,100,17,30.00,150.0,93.89,815.00,787.00,28.00
34.0,100,17,30.00,150.0,93.89,815.00,787.00,28.00
34.0,100,17,30.00,150.0,93.89,815.00,787.00,28.00
34.0,100,17,30.00,150.0,93.89,815.00,787.00,28.00
34.0,100,17,30.00,150.0,93.89,815.00,787.00,28.00
35.0,100,16,42.00,110.0,90.56,810.00,778.33,31.67
35.0,100,17,28.00,140.0,94.44,810.00,778.33,31.67
36.0,100,16,40.00,100.0,91.11,805.71,771.43,34.29
36.0,100,17,25.00,100.0,96.11,805.71,771.43,34.29
36.0,100,17,25.00,100.0,96.11,805.71,771.43,34.29
36.0,100,17,25.00,100.0,96.11,805.71,771.43,34.29
36.0,100,17,25.00,100.0,96.11,805.71,771.43,34.29
36.0,100,17,25.00,100.0,96.11,805.71,771.43,34.29
36.0,100,17,25.00,100.0,96.11,805.71,771.43,34.29
36.0,100,17,25.00,100.0,96.11,805.71,771.43,34.29
37.0,100,16,37.50,70.0,93.33,821.25,783.75,37.50
37.0,100,17,22.50,90.0,96.67,821.25,783.75,37.50
37.0,100,17,22.50,90.0,96.67,821.25,783.75,37.50
37.0,100,17,22.50,90.0,96.67,821.25,783.75,37.50
37.0,100,17,22.50,90.0,96.67,821.25,783.75,37.50
37.0,100,17,22.50,90.0,96.67,821.25,783.75,37.50
37.0,100,17,22.50,90.0,96.67,821.25,783.75,37.50
37.0,100,17,22.50,90.0,96.67,821.25,783.75,37.50
37.0,100,17,22.50,90.0,96.67,821.25,783.75,37.50
37.0,100,17,22.50,90.0,96.67,821.25,783.75,37.50
37.0,100,17,22.50,90.0,96.67,821.25,783.75,37.50
37.0,100,17,22.50,90.0,96.67,821.25,783.75,37.50
38.0,100,16,40.00,90.0,91.11,834.44,797.22,37.22
38.0,100,17,26.00,130.0,95.00,834.44,797.22,37.22
38.0,100,17,26.00,130.0,95.00,834.44,797.22,37.22
38.0,100,17,26.00,130.0,95.00,834.44,797.22,37.22
38.0,100,17,26.00,130.0,95.00,834.44,797.22,37.22
38.0,100,17,26.00,130.0,95.00,834.44,797.22,37.22
39.0,100,16,50.00,90.0,88.33,847.00,810.00,37.00
39.0,100,17,26.00,130.0,95.00,847.00,810.00,37.00
39.0,100,17,26.00,130.0,95.00,847.00,810.00,37.00
39.0,100,17,26.00,130.0,95.00,847.00,810.00,37.00
39.0,100,17,26.00,130.0,95.00,847.00,810.00,37.00
39.0,100,17,26.00,130.0,95.00,847.00,810.00,37.00
39.0,100,17,26.00,130.0,95.00,847.00,810.00,37.00
39.0,100,17,26.00,130.0,95.00,847.00,810.00,37.00
39.0,100,17,26.00,130.0,95.00,847.00,810.00,37.00
39.0,100,17,26.00,130.0,95.00,847.00,810.00,37.00
39.0,100,17,26.00,130.0,95.00,847.00,810.00,37.00
39.0,100,17,26.00,130.0,95.00,847.00,810.00,37.00
40.0,100,16,31.67,130.0,92.22,850.45,815.00,35.45
40.0,100,17,26.00,130.0,95.00,850.45,815.00,35.45
40.0,100,17,26.00,130.0,95.00,850.45,815.00,35.45
40.0,100,17,26.00,130.0,95.00,850.45,815.00,35.45
40.0,100,17,26.00,130.0,95.00,850.45,815.00,35.45
40.0,100,17,26.00,130.0,95.00,850.45,815.00,35.45
41.0,100,16,45.00,70.0,91.67,858.33,822.50,35.83
41.0,100,17,25.00,100.0,96.11,858.33,822.50,35.83
41.0,100,17,25.00,100.0,96.11,858.33,822.50,35.83
41.0,100,17,25.00,100.0,96.11,858.33,822.50,35.83
41.0,100,17,25.00,100.0,96.11,858.33,822.50,35.83
41.0,100,17,25.00,100.0,96.11,858.33,822.50,35.83
42.0,100,16,55.00,80.0,89.44,880.38,845.38,35.00
42.0,100,17,27.50,110.0,95.56,880.38,845.38,35.00
42.0,100,17,27.50,110.0,95.56,880.38,845.38,35.00
42.0,100,17,27.50,110.0,95.56,880.38,845.38,35.00
42.0,100,17,27.50,110.0,95.56,880.38,845.38,35.00
42.0,100,17,27.50,110.0,95.56,880.38,845.38,35.00
42.0,100,17,27.50,110.0,95.56,880.38,845.38,35.00
42.0,100,17,27.50,110.0,95.56,880.38,845.38,35.00
43.0,100,16,100.00,80.0,79.44,905.71,869.64,36.07
43.0,100,18,27.50,110.0,95.56,905.71,869.64,36.07
43.0,100,18,27.50,110.0,95.56,905.71,869.64,36.07
43.0,100,18,27.50,110.0,95.56,905.71,869.64,36.07
44.0,100,17,63.33,50.0,90.56,929.67,892.33,37.33
44.0,100,18,25.00,50.0,98.33,929.67,892.33,37.33
44.0,100,18,25.00,50.0,98.33,929.67,892.33,37.33
44.0,100,18,25.00,50.0,98.33,929.67,892.33,37.33
44.0,100,18,25.00,50.0,98.33,929.67,892.33,37.33
44.0,100,18,25.00,50.0,98.33,929.67,892.33,37.33
44.0,100,18,25.00,50.0,98.33,929.67,892.33,37.33
44.0,100,18,25.00,50.0,98.33,929.67,892.33,37.33
44.0,100,18,25.00,50.0,98.33,929.67,892.33,37.33
44.0,100,18,25.00,50.0,98.33,929.67,892.33,37.33
44.0,100,18,25.00,50.0,98.33,929.67,892.33,37.33
44.0,100,18,25.00,50.0,98.33,929.67,892.33,37.33
44.0,100,18,25.00,50.0,98.33,929.67,892.33,37.33
44.0,100,18,25.00,50.0,98.33,929.67,892.33,37.33
44.0,100,18,25.00,50.0,98.33,929.67,892.33,37.33
45.0,100,17,55.00,30.0,95.00,924.38,888.13,36.25
45.0,100,18,25.00,50.0,98.33,924.38,888.13,36.25
45.0,100,18,25.00,50.0,98.33,924.38,888.13,36.25
46.0,100,17,63.33,50.0,90.56,933.82,899.41,34.41
46.0,100,18,36.67,50.0,95.00,933.82,899.41,34.41
47.0,100,17,86.67,20.0,86.67,950.28,915.56,34.72
47.0,100,18,40.00,20.0,96.11,950.28,915.56,34.72
48.0,100,17,53.33,20.0,92.22,956.05,921.84,34.21
48.0,100,18,40.00,20.0,96.11,956.05,921.84,34.21
48.0,100,18,40.00,20.0,96.11,956.05,921.84,34.21
48.0,100,18,40.00,20.0,96.11,956.05,921.84,34.21
48.0,100,18,40.00,20.0,96.11,956.05,921.84,34.21
48.0,100,18,40.00,20.0,96.11,956.05,921.84,34.21
48.0,100,18,40.00,20.0,96.11,956.05,921.84,34.21
48.0,100,18,40.00,20.0,96.11,956.05,921.84,34.21
48.0,100,18,40.00,20.0,96.11,956.05,921.84,34.21
49.0,100,17,63.33,20.0,90.56,964.75,931.75,33.00
49.0,100,18,40.00,20.0,96.11,964.75,931.75,33.00
50.0,100,17,70.00,0.0,92.78,953.81,922.14,31.67
50.0,100,17,70.00,0.0,92.78,953.81,922.14,31.67
50.0,100,17,70.00,0.0,92.78,953.81,922.14,31.67
50.0,100,17,70.00,0.0,92.78,953.81,922.14,31.67
50.0,100,17,70.00,0.0,92.78,953.81,922.14,31.67
50.0,100,17,70.00,0.0,92.78,953.81,922.14,31.67
51.0,100,16,103.33,0.0,83.89,966.59,934.32,32.27
51.0,100,17,56.67,30.0,91.67,966.59,934.32,32.27
51.0,100,17,56.67,30.0,91.67,966.59,934.32,32.27
51.0,100,17,56.67,30.0,91.67,966.59,934.32,32.27
51.0,100,17,56.67,30.0,91.67,966.59,934.32,32.27
51.0,100,17,56.67,30.0,91.67,966.59,934.32,32.27
51.0,100,17,56.67,30.0,91.67,966.59,934.32,32.27
51.0,100,17,56.67,30.0,91.67,966.59,934.32,32.27
51.0,100,17,56.67,30.0,91.67,966.59,934.32,32.27
51.0,100,17,56.67,30.0,91.67,966.59,934.32,32.27
51.0,100,17,56.67,30.0,91.67,966.59,934.32,32.27
51.0,100,17,56.67,30.0,91.67,966.59,934.32,32.27
51.0,100,17,56.67,30.0,91.67,966.59,934.32,32.27
51.0,100,17,56.67,30.0,91.67,966.59,934.32,32.27
51.0,100,17,56.67,30.0,91.67,966.59,934.32,32.27
52.0,100,16,65.00,30.0,87.22,978.91,946.30,32.61
52.0,100,17,56.67,30.0,91.67,978.91,946.30,32.61
52.0,100,17,56.67,30.0,91.67,978.91,946.30,32.61
52.0,100,17,56.67,30.0,91.67,978.91,946.30,32.61
52.0,100,17,56.67,30.0,91.67,978.91,946.30,32.61
53.0,100,16,67.50,30.0,86.67,989.38,956.67,32.71
53.0,100,18,45.00,30.0,95.56,989.38,956.67,32.71
53.0,100,18,45.00,30.0,95.56,989.38,956.67,32.71
53.0,100,18,45.00,30.0,95.56,989.38,956.67,32.71
53.0,100,18,45.00,30.0,95.56,989.38,956.67,32.71
53.0,100,18,45.00,30.0,95.56,989.38,956.67,32.71
54.0,100,17,60.00,30.0,91.11,1004.40,971.00,33.40
54.0,100,18,45.00,30.0,95.56,1004.40,971.00,33.40
54.0,100,18,45.00,30.0,95.56,1004.40,971.00,33.40
55.0,100,17,73.33,30.0,88.89,1015.38,982.12,33.27
55.0,100,18,40.00,60.0,94.44,1015.38,982.12,33.27
55.0,100,18,40.00,60.0,94.44,1015.38,982.12,33.27
55.0,100,18,40.00,60.0,94.44,1015.38,982.12,33.27
55.0,100,18,40.00,60.0,94.44,1015.38,982.12,33.27
56.0,100,17,86.67,30.0,86.67,1041.11,1008.70,32.41
56.0,100,18,40.00,60.0,94.44,1041.11,1008.70,32.41
56.0,100,18,40.00,60.0,94.44,1041.11,1008.70,32.41
56.0,100,18,40.00,60.0,94.44,1041.11,1008.70,32.41
56.0,100,18,40.00,60.0,94.44,1041.11,1008.70,32.41
56.0,100,18,40.00,60.0,94.44,1041.11,1008.70,32.41
56.0,100,18,40.00,60.0,94.44,1041.11,1008.70,32.41
56.0,100,18,40.00,60.0,94.44,1041.11,1008.70,32.41
56.0,100,18,40.00,60.0,94.44,1041.11,1008.70,32.41
56.0,100,18,40.00,60.0,94.44,1041.11,1008.70,32.41
56.0,100,18,40.00,60.0,94.44,1041.11,1008.70,32.41
56.0,100,18,40.00,60.0,94.44,1041.11,1008.70,32.41
56.0,100,18,40.00,60.0,94.44,1041.11,1008.70,32.41
56.0,100,18,40.00,60.0,94.44,1041.11,1008.70,32.41
57.0,100,17,66.67,30.0,90.00,1046.07,1013.75,32.32
57.0,100,18,45.00,30.0,95.56,1046.07,1013.75,32.32
57.0,100,18,45.00,30.0,95.56,1046.07,1013.75,32.32
58.0,100,17,90.00,30.0,86.11,1073.10,1041.21,31.90
58.0,100,18,40.00,60.0,94.44,1073.10,1041.21,31.90
58.0,100,18,40.00,60.0,94.44,1073.10,1041.21,31.90
58.0,100,18,40.00,60.0,94.44,1073.10,1041.21,31.90
58.0,100,18,40.00,60.0,94.44,1073.10,1041.21,31.90
58.0,100,18,40.00,60.0,94.44,1073.10,1041.21,31.90
59.0,100,17,55.00,60.0,89.44,1087.83,1055.33,32.50
60.0,100,17,47.50,60.0,91.11,1099.19,1066.13,33.06
60.0,100,17,47.50,60.0,91.11,1099.19,1066.13,33.06
60.0,100,17,47.50,60.0,91.11,1099.19,1066.13,33.06
61.0,100,16,54.00,60.0,87.22,1112.19,1078.44,33.75
61.0,100,16,54.00,60.0,87.22,1112.19,1078.44,33.75
62.0,100,15,63.33,60.0,81.67,1100.00,1066.67,33.33
62.0,100,17,47.50,60.0,91.11,1100.00,1066.67,33.33
62.0,100,17,47.50,60.0,91.11,1100.00,1066.67,33.33
62.0,100,17,47.50,60.0,91.11,1100.00,1066.67,33.33
62.0,100,17,47.50,60.0,91.11,1100.00,1066.67,33.33
62.0,100,17,47.50,60.0,91.11,1100.00,1066.67,33.33
63.0,100,16,85.00,30.0,82.78,1121.76,1089.26,32.50
63.0,100,17,50.00,70.0,90.56,1121.76,1089.26,32.50
64.0,100,16,56.00,70.0,86.67,1112.14,1079.86,32.29
64.0,100,16,56.00,70.0,86.67,1112.14,1079.86,32.29
64.0,100,16,56.00,70.0,86.67,1112.14,1079.86,32.29
65.0,100,15,70.00,70.0,82.78,1089.86,1058.06,31.81
65.0,100,16,50.00,70.0,90.56,1089.86,1058.06,31.81
66.0,100,15,67.50,70.0,86.67,1096.76,1064.59,32.16
67.0,100,15,42.00,90.0,90.56,1103.29,1070.92,32.37
67.0,100,15,42.00,90.0,90.56,1103.29,1070.92,32.37
67.0,100,15,42.00,90.0,90.56,1103.29,1070.92,32.37
67.0,100,15,42.00,90.0,90.56,1103.29,1070.92,32.37
67.0,100,15,42.00,90.0,90.56,1103.29,1070.92,32.37
67.0,100,15,42.00,90.0,90.56,1103.29,1070.92,32.37
67.0,100,15,42.00,90.0,90.56,1103.29,1070.92,32.37
67.0,100,15,42.00,90.0,90.56,1103.29,1070.92,32.37
67.0,100,15,42.00,90.0,90.56,1103.29,1070.92,32.37
67.0,100,15,42.00,90.0,90.56,1103.29,1070.92,32.37
67.0,100,15,42.00,90.0,90.56,1103.29,1070.92,32.37
67.0,100,15,42.00,90.0,90.56,1103.29,1070.92,32.37
67.0,100,15,42.00,90.0,90.56,1103.29,1070.92,32.37
67.0,100,15,42.00,90.0,90.56,1103.29,1070.92,32.37
67.0,100,15,42.00,90.0,90.56,1103.29,1070.92,32.37
67.0,100,15,42.00,90.0,90.56,1103.29,1070.92,32.37
67.0,100,15,42.00,90.0,90.56,1103.29,1070.92,32.37
67.0,100,15,42.00,90.0,90.56,1103.29,1070.92,32.37
67.0,100,15,42.00,90.0,90.56,1103.29,1070.92,32.37
67.0,100,15,42.00,90.0,90.56,1103.29,1070.92,32.37
67.0,100,15,42.00,90.0,90.56,1103.29,1070.92,32.37
67.0,100,15,42.00,90.0,90.56,1103.29,1070.92,32.37
68.0,100,14,58.00,90.0,86.11,1107.95,1075.51,32.44
68.0,100,15,37.50,90.0,93.89,1107.95,1075.51,32.44
68.0,100,15,37.50,90.0,93.89,1107.95,1075.51,32.44
68.0,100,15,37.50,90.0,93.89,1107.95,1075.51,32.44
68.0,100,15,37.50,90.0,93.89,1107.95,1075.51,32.44
68.0,100,15,37.50,90.0,93.89,1107.95,1075.51,32.44
68.0,100,15,37.50,90.0,93.89,1107.95,1075.51,32.44
68.0,100,15,37.50,90.0,93.89,1107.95,1075.51,32.44
68.0,100,15,37.50,90.0,93.89,1107.95,1075.51,32.44
69.0,100,14,48.00,90.0,89.44,1100.75,1068.50,32.25
69.0,100,14,48.00,90.0,89.44,1100.75,1068.50,32.25
69.0,100,14,48.00,90.0,89.44,1100.75,1068.50,32.25
70.0,100,13,73.33,90.0,78.89,1115.24,1082.68,32.56
70.0,100,14,48.00,90.0,89.44,1115.24,1082.68,32.56
70.0,100,14,48.00,90.0,89.44,1115.24,1082.68,32.56
70.0,100,14,48.00,90.0,89.44,1115.24,1082.68,32.56
70.0,100,14,48.00,90.0,89.44,1115.24,1082.68,32.56
71.0,100,13,76.00,50.0,81.67,1118.21,1086.07,32.14
71.0,100,14,46.00,80.0,90.00,1118.21,1086.07,32.14
72.0,100,13,68.00,50.0,83.89,1134.30,1101.74,32.56
72.0,100,14,50.00,50.0,91.11,1134.30,1101.74,32.56
72.0,100,14,50.00,50.0,91.11,1134.30,1101.74,32.56
72.0,100,14,50.00,50.0,91.11,1134.30,1101.74,32.56
72.0,100,14,50.00,50.0,91.11,1134.30,1101.74,32.56
72.0,100,14,50.00,50.0,91.11,1134.30,1101.74,32.56
72.0,100,14,50.00,50.0,91.11,1134.30,1101.74,32.56
72.0,100,14,50.00,50.0,91.11,1134.30,1101.74,32.56
73.0,100,13,75.00,30.0,85.56,1134.09,1101.59,32.50
73.0,100,14,60.00,30.0,91.67,1134.09,1101.59,32.50
73.0,100,14,60.00,30.0,91.67,1134.09,1101.59,32.50
73.0,100,14,60.00,30.0,91.67,1134.09,1101.59,32.50
73.0,100,14,60.00,30.0,91.67,1134.09,1101.59,32.50
73.0,100,14,60.00,30.0,91.67,1134.09,1101.59,32.50
73.0,100,14,60.00,30.0,91.67,1134.09,1101.59,32.50
73.0,100,14,60.00,30.0,91.67,1134.09,1101.59,32.50
73.0,100,14,60.00,30.0,91.67,1134.09,1101.59,32.50
73.0,100,14,60.00,30.0,91.67,1134.09,1101.59,32.50
73.0,100,14,60.00,30.0,91.67,1134.09,1101.59,32.50
74.0,100,13,72.50,30.0,86.11,1137.56,1105.22,32.33
74.0,100,14,50.00,50.0,91.11,1137.56,1105.22,32.33
74.0,100,14,50.00,50.0,91.11,1137.56,1105.22,32.33
74.0,100,14,50.00,50.0,91.11,1137.56,1105.22,32.33
74.0,100,14,50.00,50.0,91.11,1137.56,1105.22,32.33
74.0,100,14,50.00,50.0,91.11,1137.56,1105.22,32.33
75.0,100,13,70.00,50.0,86.67,1140.22,1107.72,32.50
75.0,100,14,46.67,50.0,93.89,1140.22,1107.72,32.50
75.0,100,14,46.67,50.0,93.89,1140.22,1107.72,32.50
75.0,100,14,46.67,50.0,93.89,1140.22,1107.72,32.50
75.0,100,14,46.67,50.0,93.89,1140.22,1107.72,32.50
75.0,100,14,46.67,50.0,93.89,1140.22,1107.72,32.50
75.0,100,14,46.67,50.0,93.89,1140.22,1107.72,32.50
75.0,100,14,46.67,50.0,93.89,1140.22,1107.72,32.50
75.0,100,14,46.67,50.0,93.89,1140.22,1107.72,32.50
76.0,100,13,70.00,50.0,90.00,1126.70,1094.26,32.45
76.0,100,14,25.00,50.0,98.33,1126.70,1094.26,32.45
76.0,100,14,25.00,50.0,98.33,1126.70,1094.26,32.45
76.0,100,14,25.00,50.0,98.33,1126.70,1094.26,32.45
76.0,100,14,25.00,50.0,98.33,1126.70,1094.26,32.45
76.0,100,14,25.00,50.0,98.33,1126.70,1094.26,32.45
76.0,100,14,25.00,50.0,98.33,1126.70,1094.26,32.45
76.0,100,14,25.00,50.0,98.33,1126.70,1094.26,32.45
76.0,100,14,25.00,50.0,98.33,1126.70,1094.26,32.45
76.0,100,14,25.00,50.0,98.33,1126.70,1094.26,32.45
76.0,100,14,25.00,50.0,98.33,1126.70,1094.26,32.45
77.0,100,13,50.00,50.0,93.33,1134.79,1102.29,32.50
78.0,100,12,90.00,50.0,86.67,1151.94,1119.49,32.45
78.0,100,13,26.67,80.0,97.22,1151.94,1119.49,32.45
78.0,100,13,26.67,80.0,97.22,1151.94,1119.49,32.45
78.0,100,13,26.67,80.0,97.22,1151.94,1119.49,32.45
78.0,100,13,26.67,80.0,97.22,1151.94,1119.49,32.45
79.0,100,12,47.50,80.0,91.67,1166.60,1134.00,32.60
80.0,100,11,80.00,80.0,83.89,1186.76,1154.31,32.45
80.0,100,12,26.67,80.0,97.22,1186.76,1154.31,32.45
80.0,100,12,26.67,80.0,97.22,1186.76,1154.31,32.45
81.0,100,11,57.50,80.0,89.44,1198.08,1165.38,32.69
81.0,100,12,26.67,80.0,97.22,1198.08,1165.38,32.69
82.0,100,11,56.67,50.0,92.22,1210.00,1176.98,33.02
82.0,100,12,23.33,70.0,97.78,1210.00,1176.98,33.02
82.0,100,12,23.33,70.0,97.78,1210.00,1176.98,33.02
82.0,100,12,23.33,70.0,97.78,1210.00,1176.98,33.02
82.0,100,12,23.33,70.0,97.78,1210.00,1176.98,33.02
82.0,100,12,23.33,70.0,97.78,1210.00,1176.98,33.02
82.0,100,12,23.33,70.0,97.78,1210.00,1176.98,33.02
83.0,100,11,77.50,70.0,84.44,1204.54,1172.04,32.50
83.0,100,13,22.50,90.0,96.67,1204.54,1172.04,32.50
83.0,100,13,22.50,90.0,96.67,1204.54,1172.04,32.50
84.0,100,12,48.00,90.0,88.89,1221.91,1189.91,32.00
84.0,100,13,22.00,110.0,96.11,1221.91,1189.91,32.00
84.0,100,13,22.00,110.0,96.11,1221.91,1189.91,32.00
84.0,100,13,22.00,110.0,96.11,1221.91,1189.91,32.00
84.0,100,13,22.00,110.0,96.11,1221.91,1189.91,32.00
84.0,100,13,22.00,110.0,96.11,1221.91,1189.91,32.00
84.0,100,13,22.00,110.0,96.11,1221.91,1189.91,32.00
84.0,100,13,22.00,110.0,96.11,1221.91,1189.91,32.00
85.0,100,12,44.00,80.0,90.00,1228.13,1196.25,31.88
85.0,100,13,20.00,100.0,96.67,1228.13,1196.25,31.88
85.0,100,13,20.00,100.0,96.67,1228.13,1196.25,31.88
85.0,100,13,20.00,100.0,96.67,1228.13,1196.25,31.88
85.0,100,13,20.00,100.0,96.67,1228.13,1196.25,31.88
85.0,100,13,20.00,100.0,96.67,1228.13,1196.25,31.88
85.0,100,13,20.00,100.0,96.67,1228.13,1196.25,31.88
85.0,100,13,20.00,100.0,96.67,1228.13,1196.25,31.88
85.0,100,13,20.00,100.0,96.67,1228.13,1196.25,31.88
85.0,100,13,20.00,100.0,96.67,1228.13,1196.25,31.88
85.0,100,13,20.00,100.0,96.67,1228.13,1196.25,31.88
85.0,100,13,20.00,100.0,96.67,1228.13,1196.25,31.88
85.0,100,13,20.00,100.0,96.67,1228.13,1196.25,31.88
85.0,100,13,20.00,100.0,96.67,1228.13,1196.25,31.88
85.0,100,13,20.00,100.0,96.67,1228.13,1196.25,31.88
86.0,100,12,30.00,80.0,93.89,1209.82,1178.33,31.49
86.0,100,13,20.00,80.0,97.78,1209.82,1178.33,31.49
86.0,100,13,20.00,80.0,97.78,1209.82,1178.33,31.49
86.0,100,13,20.00,80.0,97.78,1209.82,1178.33,31.49
86.0,100,13,20.00,80.0,97.78,1209.82,1178.33,31.49
86.0,100,13,20.00,80.0,97.78,1209.82,1178.33,31.49
86.0,100,13,20.00,80.0,97.78,1209.82,1178.33,31.49
86.0,100,13,20.00,80.0,97.78,1209.82,1178.33,31.49
86.0,100,13,20.00,80.0,97.78,1209.82,1178.33,31.49
86.0,100,13,20.00,80.0,97.78,1209.82,1178.33,31.49
86.0,100,13,20.00,80.0,97.78,1209.82,1178.33,31.49
86.0,100,13,20.00,80.0,97.78,1209.82,1178.33,31.49
86.0,100,13,20.00,80.0,97.78,1209.82,1178.33,31.49
86.0,100,13,20.00,80.0,97.78,1209.82,1178.33,31.49
86.0,100,13,20.00,80.0,97.78,1209.82,1178.33,31.49
86.0,100,13,20.00,80.0,97.78,1209.82,1178.33,31.49
86.0,100,13,20.00,80.0,97.78,1209.82,1178.33,31.49
86.0,100,13,20.00,80.0,97.78,1209.82,1178.33,31.49
86.0,100,13,20.00,80.0,97.78,1209.82,1178.33,31.49
87.0,100,12,46.00,80.0,90.00,1234.57,1202.67,31.90
87.0,100,13,20.00,80.0,97.78,1234.57,1202.67,31.90
88.0,100,12,42.50,60.0,92.78,1236.95,1205.00,31.95
88.0,100,12,42.50,60.0,92.78,1236.95,1205.00,31.95
88.0,100,12,42.50,60.0,92.78,1236.95,1205.00,31.95
88.0,100,12,42.50,60.0,92.78,1236.95,1205.00,31.95
88.0,100,12,42.50,60.0,92.78,1236.95,1205.00,31.95
88.0,100,12,42.50,60.0,92.78,1236.95,1205.00,31.95
88.0,100,12,42.50,60.0,92.78,1236.95,1205.00,31.95
88.0,100,12,42.50,60.0,92.78,1236.95,1205.00,31.95
89.0,100,11,75.00,40.0,85.56,1233.58,1201.83,31.75
90.0,100,11,96.67,40.0,85.56,1251.39,1219.43,31.97
90.0,100,12,30.00,40.0,96.67,1251.39,1219.43,31.97
90.0,100,12,30.00,40.0,96.67,1251.39,1219.43,31.97
90.0,100,12,30.00,40.0,96.67,1251.39,1219.43,31.97
91.0,100,11,62.50,40.0,88.33,1253.23,1221.21,32.02
91.0,100,12,30.00,40.0,96.67,1253.23,1221.21,32.02
91.0,100,12,30.00,40.0,96.67,1253.23,1221.21,32.02
92.0,100,11,86.67,20.0,87.22,1270.32,1238.41,31.90
92.0,100,12,35.00,20.0,97.22,1270.32,1238.41,31.90
92.0,100,12,35.00,20.0,97.22,1270.32,1238.41,31.90
92.0,100,12,35.00,20.0,97.22,1270.32,1238.41,31.90
92.0,100,12,35.00,20.0,97.22,1270.32,1238.41,31.90
92.0,100,12,35.00,20.0,97.22,1270.32,1238.41,31.90
92.0,100,12,35.00,20.0,97.22,1270.32,1238.41,31.90
92.0,100,12,35.00,20.0,97.22,1270.32,1238.41,31.90
92.0,100,12,35.00,20.0,97.22,1270.32,1238.41,31.90
92.0,100,12,35.00,20.0,97.22,1270.32,1238.41,31.90
93.0,100,11,130.00,20.0,86.67,1288.59,1256.33,32.27
93.0,100,12,20.00,40.0,98.89,1288.59,1256.33,32.27
93.0,100,12,20.00,40.0,98.89,1288.59,1256.33,32.27
93.0,100,12,20.00,40.0,98.89,1288.59,1256.33,32.27
94.0,100,11,85.00,20.0,91.67,1290.00,1257.54,32.46
95.0,100,11,170.00,0.0,91.11,1313.11,1280.30,32.80
95.0,100,13, NaN,0.0,100.00,1313.11,1280.30,32.80
95.0,100,13, NaN,0.0,100.00,1313.11,1280.30,32.80
96.0,100,12,110.00,0.0,94.44,1300.97,1268.13,32.84
96.0,100,13, NaN,0.0,100.00,1300.97,1268.13,32.84
96.0,100,13, NaN,0.0,100.00,1300.97,1268.13,32.84
97.0,100,12,160.00,0.0,91.67,1322.35,1289.85,32.50
97.0,100,13, NaN,0.0,100.00,1322.35,1289.85,32.50
97.0,100,13, NaN,0.0,100.00,1322.35,1289.85,32.50
97.0,100,13, NaN,0.0,100.00,1322.35,1289.85,32.50
97.0,100,13, NaN,0.0,100.00,1322.35,1289.85,32.50
97.0,100,13, NaN,0.0,100.00,1322.35,1289.85,32.50
97.0,100,13, NaN,0.0,100.00,1322.35,1289.85,32.50
97.0,100,13, NaN,0.0,100.00,1322.35,1289.85,32.50
98.0,100,12,140.00,0.0,92.78,1308.19,1275.94,32.25
98.0,100,13,40.00,40.0,98.33,1308.19,1275.94,32.25
98.0,100,13,40.00,40.0,98.33,1308.19,1275.94,32.25
98.0,100,13,40.00,40.0,98.33,1308.19,1275.94,32.25
98.0,100,13,40.00,40.0,98.33,1308.19,1275.94,32.25
98.0,100,13,40.00,40.0,98.33,1308.19,1275.94,32.25
98.0,100,13,40.00,40.0,98.33,1308.19,1275.94,32.25
98.0,100,13,40.00,40.0,98.33,1308.19,1275.94,32.25
98.0,100,13,40.00,40.0,98.33,1308.19,1275.94,32.25
98.0,100,13,40.00,40.0,98.33,1308.19,1275.94,32.25
98.0,100,13,40.00,40.0,98.33,1308.19,1275.94,32.25
99.0,100,12,50.00,40.0,95.56,1293.00,1261.07,31.93
99.0,100,12,50.00,40.0,95.56,1293.00,1261.07,31.93
99.0,100,12,50.00,40.0,95.56,1293.00,1261.07,31.93
99.0,100,12,50.00,40.0,95.56,1293.00,1261.07,31.93
99.0,100,12,50.00,40.0,95.56,1293.00,1261.07,31.93
99.0,100,12,50.00,40.0,95.56,1293.00,1261.07,31.93
100.0,100,11,100.00,40.0,85.00,1300.42,1268.24,32.18
100.0,100,12,63.33,40.0,91.11,1300.42,1268.24,32.18
100.0,100,12,63.33,40.0,91.11,1300.42,1268.24,32.18
100.0,100,12,63.33,40.0,91.11,1300.42,1268.24,32.18
101.0,100,11,95.00,40.0,81.11,1310.28,1278.26,32.01
101.0,100,12,63.33,40.0,91.11,1310.28,1278.26,32.01
101.0,100,12,63.33,40.0,91.11,1310.28,1278.26,32.01
101.0,100,12,63.33,40.0,91.11,1310.28,1278.26,32.01
101.0,100,12,63.33,40.0,91.11,1310.28,1278.26,32.01
101.0,100,12,63.33,40.0,91.11,1310.28,1278.26,32.01
101.0,100,12,63.33,40.0,91.11,1310.28,1278.26,32.01
101.0,100,12,63.33,40.0,91.11,1310.28,1278.26,32.01
101.0,100,12,63.33,40.0,91.11,1310.28,1278.26,32.01
101.0,100,12,63.33,40.0,91.11,1310.28,1278.26,32.01
101.0,100,12,63.33,40.0,91.11,1310.28,1278.26,32.01
102.0,100,11,103.33,40.0,84.44,1302.67,1270.48,32.19
102.0,100,12,40.00,60.0,95.00,1302.67,1270.48,32.19
103.0,100,11,47.50,60.0,91.11,1293.92,1261.62,32.30
103.0,100,11,47.50,60.0,91.11,1293.92,1261.62,32.30
103.0,100,11,47.50,60.0,91.11,1293.92,1261.62,32.30
103.0,100,11,47.50,60.0,91.11,1293.92,1261.62,32.30
103.0,100,11,47.50,60.0,91.11,1293.92,1261.62,32.30
103.0,100,11,47.50,60.0,91.11,1293.92,1261.62,32.30
103.0,100,11,47.50,60.0,91.11,1293.92,1261.62,32.30
103.0,100,11,47.50,60.0,91.11,1293.92,1261.62,32.30
103.0,100,11,47.50,60.0,91.11,1293.92,1261.62,32.30
104.0,100,10,102.50,60.0,78.89,1315.47,1283.27,32.20
104.0,100,11,55.00,60.0,89.44,1315.47,1283.27,32.20
104.0,100,11,55.00,60.0,89.44,1315.47,1283.27,32.20
104.0,100,11,55.00,60.0,89.44,1315.47,1283.27,32.20
104.0,100,11,55.00,60.0,89.44,1315.47,1283.27,32.20
104.0,100,11,55.00,60.0,89.44,1315.47,1283.27,32.20
104.0,100,11,55.00,60.0,89.44,1315.47,1283.27,32.20
104.0,100,11,55.00,60.0,89.44,1315.47,1283.27,32.20
104.0,100,11,55.00,60.0,89.44,1315.47,1283.27,32.20
104.0,100,11,55.00,60.0,89.44,1315.47,1283.27,32.20
104.0,100,11,55.00,60.0,89.44,1315.47,1283.27,32.20
104.0,100,11,55.00,60.0,89.44,1315.47,1283.27,32.20
104.0,100,11,55.00,60.0,89.44,1315.47,1283.27,32.20
104.0,100,11,55.00,60.0,89.44,1315.47,1283.27,32.20
104.0,100,11,55.00,60.0,89.44,1315.47,1283.27,32.20
104.0,100,11,55.00,60.0,89.44,1315.47,1283.27,32.20
104.0,100,11,55.00,60.0,89.44,1315.47,1283.27,32.20
105.0,100,10,105.00,20.0,78.33,1339.80,1307.50,32.30
105.0,100,11,60.00,20.0,91.11,1339.80,1307.50,32.30
105.0,100,11,60.00,20.0,91.11,1339.80,1307.50,32.30
105.0,100,11,60.00,20.0,91.11,1339.80,1307.50,32.30
105.0,100,11,60.00,20.0,91.11,1339.80,1307.50,32.30
105.0,100,11,60.00,20.0,91.11,1339.80,1307.50,32.30
106.0,100,10,123.33,0.0,80.56,1364.61,1332.53,32.08
106.0,100,11,60.00,20.0,91.11,1364.61,1332.53,32.08
106.0,100,11,60.00,20.0,91.11,1364.61,1332.53,32.08
106.0,100,11,60.00,20.0,91.11,1364.61,1332.53,32.08
106.0,100,11,60.00,20.0,91.11,1364.61,1332.53,32.08
106.0,100,11,60.00,20.0,91.11,1364.61,1332.53,32.08
106.0,100,11,60.00,20.0,91.11,1364.61,1332.53,32.08
106.0,100,11,60.00,20.0,91.11,1364.61,1332.53,32.08
106.0,100,11,60.00,20.0,91.11,1364.61,1332.53,32.08
106.0,100,11,60.00,20.0,91.11,1364.61,1332.53,32.08
106.0,100,11,60.00,20.0,91.11,1364.61,1332.53,32.08
106.0,100,11,60.00,20.0,91.11,1364.61,1332.53,32.08
106.0,100,11,60.00,20.0,91.11,1364.61,1332.53,32.08
106.0,100,11,60.00,20.0,91.11,1364.61,1332.53,32.08
107.0,100,10,96.67,20.0,85.00,1354.62,1322.44,32.18
107.0,100,11,36.67,40.0,95.00,1354.62,1322.44,32.18
107.0,100,11,36.67,40.0,95.00,1354.62,1322.44,32.18
108.0,100,10,70.00,20.0,89.44,1344.43,1312.15,32.28
109.0,100,9,90.00,20.0,81.67,1344.50,1311.94,32.56
109.0,100,10,70.00,20.0,89.44,1344.50,1311.94,32.56
109.0,100,10,70.00,20.0,89.44,1344.50,1311.94,32.56
109.0,100,10,70.00,20.0,89.44,1344.50,1311.94,32.56
109.0,100,10,70.00,20.0,89.44,1344.50,1311.94,32.56
109.0,100,10,70.00,20.0,89.44,1344.50,1311.94,32.56
109.0,100,10,70.00,20.0,89.44,1344.50,1311.94,32.56
109.0,100,10,70.00,20.0,89.44,1344.50,1311.94,32.56
109.0,100,10,70.00,20.0,89.44,1344.50,1311.94,32.56
109.0,100,10,70.00,20.0,89.44,1344.50,1311.94,32.56
109.0,100,10,70.00,20.0,89.44,1344.50,1311.94,32.56
109.0,100,10,70.00,20.0,89.44,1344.50,1311.94,32.56
110.0,100,9,92.50,20.0,81.11,1366.30,1333.58,32.72
110.0,100,11,43.33,60.0,93.89,1366.30,1333.58,32.72
111.0,100,10,106.67,40.0,83.33,1386.28,1353.78,32.50
112.0,100,11,83.33,60.0,87.22,1395.06,1362.53,32.53
112.0,100,12,30.00,90.0,96.11,1395.06,1362.53,32.53
112.0,100,12,30.00,90.0,96.11,1395.06,1362.53,32.53
112.0,100,12,30.00,90.0,96.11,1395.06,1362.53,32.53
112.0,100,12,30.00,90.0,96.11,1395.06,1362.53,32.53
112.0,100,12,30.00,90.0,96.11,1395.06,1362.53,32.53
112.0,100,12,30.00,90.0,96.11,1395.06,1362.53,32.53
112.0,100,12,30.00,90.0,96.11,1395.06,1362.53,32.53
112.0,100,12,30.00,90.0,96.11,1395.06,1362.53,32.53
112.0,100,12,30.00,90.0,96.11,1395.06,1362.53,32.53
112.0,100,12,30.00,90.0,96.11,1395.06,1362.53,32.53
112.0,100,12,30.00,90.0,96.11,1395.06,1362.53,32.53
112.0,100,12,30.00,90.0,96.11,1395.06,1362.53,32.53
112.0,100,12,30.00,90.0,96.11,1395.06,1362.53,32.53
112.0,100,12,30.00,90.0,96.11,1395.06,1362.53,32.53
113.0,100,11,50.00,90.0,90.56,1386.67,1353.93,32.74
113.0,100,12,37.50,90.0,93.33,1386.67,1353.93,32.74
113.0,100,12,37.50,90.0,93.33,1386.67,1353.93,32.74
113.0,100,12,37.50,90.0,93.33,1386.67,1353.93,32.74
113.0,100,12,37.50,90.0,93.33,1386.67,1353.93,32.74
114.0,100,11,57.50,50.0,88.89,1372.53,1340.06,32.47
114.0,100,12,35.00,80.0,93.89,1372.53,1340.06,32.47
114.0,100,12,35.00,80.0,93.89,1372.53,1340.06,32.47
114.0,100,12,35.00,80.0,93.89,1372.53,1340.06,32.47
114.0,100,12,35.00,80.0,93.89,1372.53,1340.06,32.47
115.0,100,11,70.00,50.0,86.11,1366.63,1333.84,32.79
115.0,100,12,36.67,50.0,95.00,1366.63,1333.84,32.79
115.0,100,12,36.67,50.0,95.00,1366.63,1333.84,32.79
115.0,100,12,36.67,50.0,95.00,1366.63,1333.84,32.79
115.0,100,12,36.67,50.0,95.00,1366.63,1333.84,32.79
115.0,100,12,36.67,50.0,95.00,1366.63,1333.84,32.79
116.0,100,11,67.50,50.0,86.67,1387.36,1354.77,32.59
116.0,100,12,36.67,50.0,95.00,1387.36,1354.77,32.59
117.0,100,11,77.50,50.0,84.44,1412.39,1379.72,32.67
117.0,100,12,32.50,70.0,94.44,1412.39,1379.72,32.67
117.0,100,12,32.50,70.0,94.44,1412.39,1379.72,32.67
117.0,100,12,32.50,70.0,94.44,1412.39,1379.72,32.67
117.0,100,12,32.50,70.0,94.44,1412.39,1379.72,32.67
118.0,100,11,77.50,50.0,84.44,1437.64,1405.06,32.58
118.0,100,12,35.00,80.0,93.89,1437.64,1405.06,32.58
118.0,100,12,35.00,80.0,93.89,1437.64,1405.06,32.58
118.0,100,12,35.00,80.0,93.89,1437.64,1405.06,32.58
119.0,100,11,52.00,80.0,87.78,1430.89,1398.06,32.83
119.0,100,12,35.00,80.0,93.89,1430.89,1398.06,32.83
119.0,100,12,35.00,80.0,93.89,1430.89,1398.06,32.83
119.0,100,12,35.00,80.0,93.89,1430.89,1398.06,32.83
119.0,100,12,35.00,80.0,93.89,1430.89,1398.06,32.83
119.0,100,12,35.00,80.0,93.89,1430.89,1398.06,32.83
120.0,100,11,75.00,50.0,85.00,1454.18,1421.48,32.69
120.0,100,13,37.50,90.0,93.33,1454.18,1421.48,32.69
120.0,100,13,37.50,90.0,93.33,1454.18,1421.48,32.69
120.0,100,13,37.50,90.0,93.33,1454.18,1421.48,32.69
120.0,100,13,37.50,90.0,93.33,1454.18,1421.48,32.69
120.0,100,13,37.50,90.0,93.33,1454.18,1421.48,32.69
120.0,100,13,37.50,90.0,93.33,1454.18,1421.48,32.69
120.0,100,13,37.50,90.0,93.33,1454.18,1421.48,32.69
120.0,100,13,37.50,90.0,93.33,1454.18,1421.48,32.69
120.0,100,13,37.50,90.0,93.33,1454.18,1421.48,32.69
120.0,100,13,37.50,90.0,93.33,1454.18,1421.48,32.69
120.0,100,13,37.50,90.0,93.33,1454.18,1421.48,32.69
120.0,100,13,37.50,90.0,93.33,1454.18,1421.48,32.69
120.0,100,13,37.50,90.0,93.33,1454.18,1421.48,32.69
120.0,100,13,37.50,90.0,93.33,1454.18,1421.48,32.69
120.0,100,13,37.50,90.0,93.33,1454.18,1421.48,32.69
120.0,100,13,37.50,90.0,93.33,1454.18,1421.48,32.69
120.0,100,13,37.50,90.0,93.33,1454.18,1421.48,32.69
120.0,100,13,37.50,90.0,93.33,1454.18,1421.48,32.69
120.0,100,13,37.50,90.0,93.33,1454.18,1421.48,32.69
120.0,100,13,37.50,90.0,93.33,1454.18,1421.48,32.69
120.0,100,13,37.50,90.0,93.33,1454.18,1421.48,32.69
120.0,100,13,37.50,90.0,93.33,1454.18,1421.48,32.69
120.0,100,13,37.50,90.0,93.33,1454.18,1421.48,32.69
120.0,100,13,37.50,90.0,93.33,1454.18,1421.48,32.69
120.0,100,13,37.50,90.0,93.33,1454.18,1421.48,32.69
120.0,100,13,37.50,90.0,93.33,1454.18,1421.48,32.69
121.0,100,12,64.00,90.0,84.44,1477.39,1444.84,32.55
122.0,100,12,74.00,60.0,81.67,1501.13,1468.76,32.37
122.0,100,13,42.50,60.0,92.22,1501.13,1468.76,32.37
123.0,100,12,100.00,60.0,79.44,1501.13,1468.76,32.37
123.0,100,13,50.00,60.0,90.56,1501.13,1468.76,32.37
123.0,100,13,50.00,60.0,90.56,1501.13,1468.76,32.37
123.0,100,13,50.00,60.0,90.56,1501.13,1468.76,32.37
124.0,100,12,60.00,60.0,85.56,1501.13,1468.76,32.37
124.0,100,13,50.00,60.0,90.56,1501.13,1468.76,32.37
124.0,100,13,50.00,60.0,90.56,1501.13,1468.76,32.37
125.0,100,12,80.00,0.0,87.78,1501.13,1468.76,32.37
125.0,100,12,80.00,0.0,87.78,1501.13,1468.76,32.37
125.0,100,12,80.00,0.0,87.78,1501.13,1468.76,32.37
125.0,100,12,80.00,0.0,87.78,1501.13,1468.76,32.37
125.0,100,12,80.00,0.0,87.78,1501.13,1468.76,32.37
125.0,100,12,80.00,0.0,87.78,1501.13,1468.76,32.37
126.0,100,11,146.67,0.0,76.67,1501.13,1468.76,32.37
126.0,100,12,63.33,40.0,90.56,1501.13,1468.76,32.37
126.0,100,12,63.33,40.0,90.56,1501.13,1468.76,32.37
126.0,100,12,63.33,40.0,90.56,1501.13,1468.76,32.37
126.0,100,12,63.33,40.0,90.56,1501.13,1468.76,32.37
126.0,100,12,63.33,40.0,90.56,1501.13,1468.76,32.37
126.0,100,12,63.33,40.0,90.56,1501.13,1468.76,32.37
126.0,100,12,63.33,40.0,90.56,1501.13,1468.76,32.37
126.0,100,12,63.33,40.0,90.56,1501.13,1468.76,32.37
126.0,100,12,63.33,40.0,90.56,1501.13,1468.76,32.37
126.0,100,12,63.33,40.0,90.56,1501.13,1468.76,32.37
126.0,100,12,63.33,40.0,90.56,1501.13,1468.76,32.37
126.0,100,12,63.33,40.0,90.56,1501.13,1468.76,32.37
126.0,100,12,63.33,40.0,90.56,1501.13,1468.76,32.37
126.0,100,12,63.33,40.0,90.56,1501.13,1468.76,32.37
126.0,100,12,63.33,40.0,90.56,1501.13,1468.76,32.37
127.0,100,11,72.50,40.0,85.56,1501.13,1468.76,32.37
127.0,100,11,72.50,40.0,85.56,1501.13,1468.76,32.37
127.0,100,11,72.50,40.0,85.56,1501.13,1468.76,32.37
127.0,100,11,72.50,40.0,85.56,1501.13,1468.76,32.37
127.0,100,11,72.50,40.0,85.56,1501.13,1468.76,32.37
127.0,100,11,72.50,40.0,85.56,1501.13,1468.76,32.37
127.0,100,11,72.50,40.0,85.56,1501.13,1468.76,32.37
127.0,100,11,72.50,40.0,85.56,1501.13,1468.76,32.37
127.0,100,11,72.50,40.0,85.56,1501.13,1468.76,32.37
127.0,100,11,72.50,40.0,85.56,1501.13,1468.76,32.37
127.0,100,11,72.50,40.0,85.56,1501.13,1468.76,32.37
127.0,100,11,72.50,40.0,85.56,1501.13,1468.76,32.37
128.0,100,10,117.50,0.0,75.56,1501.13,1468.76,32.37
128.0,100,11,83.33,0.0,87.22,1501.13,1468.76,32.37
128.0,100,11,83.33,0.0,87.22,1501.13,1468.76,32.37
128.0,100,11,83.33,0.0,87.22,1501.13,1468.76,32.37
128.0,100,11,83.33,0.0,87.22,1501.13,1468.76,32.37
128.0,100,11,83.33,0.0,87.22,1501.13,1468.76,32.37
128.0,100,11,83.33,0.0,87.22,1501.13,1468.76,32.37
128.0,100,11,83.33,0.0,87.22,1501.13,1468.76,32.37
129.0,100,10,100.00,0.0,79.44,1501.13,1468.76,32.37
130.0,100,10,92.50,0.0,81.11,1501.13,1468.76,32.37
130.0,100,10,92.50,0.0,81.11,1501.13,1468.76,32.37
130.0,100,10,92.50,0.0,81.11,1501.13,1468.76,32.37
131.0,100,9,142.50,0.0,70.00,1501.13,1468.76,32.37
131.0,100,10,80.00,0.0,83.89,1501.13,1468.76,32.37
131.0,100,10,80.00,0.0,83.89,1501.13,1468.76,32.37
131.0,100,10,80.00,0.0,83.89,1501.13,1468.76,32.37
131.0,100,10,80.00,0.0,83.89,1501.13,1468.76,32.37
132.0,100,9,76.00,0.0,81.11,1501.13,1468.76,32.37
132.0,100,9,76.00,0.0,81.11,1501.13,1468.76,32.37
132.0,100,9,76.00,0.0,81.11,1501.13,1468.76,32.37
132.0,100,9,76.00,0.0,81.11,1501.13,1468.76,32.37
132.0,100,9,76.00,0.0,81.11,1501.13,1468.76,32.37
132.0,100,9,76.00,0.0,81.11,1501.13,1468.76,32.37
132.0,100,9,76.00,0.0,81.11,1501.13,1468.76,32.37
133.0,100,8,94.00,0.0,76.11,1501.13,1468.76,32.37
133.0,100,9,60.00,20.0,85.56,1501.13,1468.76,32.37
133.0,100,9,60.00,20.0,85.56,1501.13,1468.76,32.37
133.0,100,9,60.00,20.0,85.56,1501.13,1468.76,32.37
133.0,100,9,60.00,20.0,85.56,1501.13,1468.76,32.37
134.0,100,8,90.00,20.0,77.22,1501.13,1468.76,32.37
134.0,100,9,62.50,20.0,87.78,1501.13,1468.76,32.37
134.0,100,9,62.50,20.0,87.78,1501.13,1468.76,32.37
135.0,100,8,77.50,20.0,84.44,1501.13,1468.76,32.37
135.0,100,8,77.50,20.0,84.44,1501.13,1468.76,32.37
135.0,100,8,77.50,20.0,84.44,1501.13,1468.76,32.37
135.0,100,8,77.50,20.0,84.44,1501.13,1468.76,32.37
135.0,100,8,77.50,20.0,84.44,1501.13,1468.76,32.37
135.0,100,8,77.50,20.0,84.44,1501.13,1468.76,32.37
135.0,100,8,77.50,20.0,84.44,1501.13,1468.76,32.37
135.0,100,8,77.50,20.0,84.44,1501.13,1468.76,32.37
135.0,100,8,77.50,20.0,84.44,1501.13,1468.76,32.37
135.0,100,8,77.50,20.0,84.44,1501.13,1468.76,32.37
135.0,100,8,77.50,20.0,84.44,1501.13,1468.76,32.37
136.0,100,7,125.00,20.0,73.89,1501.13,1468.76,32.37
136.0,100,9,57.50,40.0,88.89,1501.13,1468.76,32.37
136.0,100,9,57.50,40.0,88.89,1501.13,1468.76,32.37
136.0,100,9,57.50,40.0,88.89,1501.13,1468.76,32.37
136.0,100,9,57.50,40.0,88.89,1501.13,1468.76,32.37
137.0,100,8,120.00,40.0,75.00,1501.13,1468.76,32.37
137.0,100,10,30.00,60.0,95.00,1501.13,1468.76,32.37
137.0,100,10,30.00,60.0,95.00,1501.13,1468.76,32.37
137.0,100,10,30.00,60.0,95.00,1501.13,1468.76,32.37
137.0,100,10,30.00,60.0,95.00,1501.13,1468.76,32.37
137.0,100,10,30.00,60.0,95.00,1501.13,1468.76,32.37
137.0,100,10,30.00,60.0,95.00,1501.13,1468.76,32.37
138.0,100,9,64.00,60.0,84.44,1501.13,1468.76,32.37
138.0,100,10,30.00,90.0,93.89,1501.13,1468.76,32.37
138.0,100,10,30.00,90.0,93.89,1501.13,1468.76,32.37
138.0,100,10,30.00,90.0,93.89,1501.13,1468.76,32.37
138.0,100,10,30.00,90.0,93.89,1501.13,1468.76,32.37
139.0,100,9,54.00,70.0,87.22,1501.13,1468.76,32.37
139.0,100,10,32.50,70.0,94.44,1501.13,1468.76,32.37
139.0,100,10,32.50,70.0,94.44,1501.13,1468.76,32.37
140.0,100,9,95.00,70.0,80.56,1501.13,1468.76,32.37
140.0,100,10,37.50,70.0,93.33,1501.13,1468.76,32.37
140.0,100,10,37.50,70.0,93.33,1501.13,1468.76,32.37
140.0,100,10,37.50,70.0,93.33,1501.13,1468.76,32.37
140.0,100,10,37.50,70.0,93.33,1501.13,1468.76,32.37
140.0,100,10,37.50,70.0,93.33,1501.13,1468.76,32.37
140.0,100,10,37.50,70.0,93.33,1501.13,1468.76,32.37
141.0,100,9,58.00,70.0,86.11,1501.13,1468.76,32.37
141.0,100,9,58.00,70.0,86.11,1501.13,1468.76,32.37
141.0,100,9,58.00,70.0,86.11,1501.13,1468.76,32.37
141.0,100,9,58.00,70.0,86.11,1501.13,1468.76,32.37
141.0,100,9,58.00,70.0,86.11,1501.13,1468.76,32.37
141.0,100,9,58.00,70.0,86.11,1501.13,1468.76,32.37
141.0,100,9,58.00,70.0,86.11,1501.13,1468.76,32.37
141.0,100,9,58.00,70.0,86.11,1501.13,1468.76,32.37
141.0,100,9,58.00,70.0,86.11,1501.13,1468.76,32.37
141.0,100,9,58.00,70.0,86.11,1501.13,1468.76,32.37
141.0,100,9,58.00,70.0,86.11,1501.13,1468.76,32.37
141.0,100,9,58.00,70.0,86.11,1501.13,1468.76,32.37
141.0,100,9,58.00,70.0,86.11,1501.13,1468.76,32.37
141.0,100,9,58.00,70.0,86.11,1501.13,1468.76,32.37
141.0,100,9,58.00,70.0,86.11,1501.13,1468.76,32.37
142.0,100,8,100.00,70.0,74.44,1501.13,1468.76,32.37
142.0,100,9,46.00,90.0,89.44,1501.13,1468.76,32.37
142.0,100,9,46.00,90.0,89.44,1501.13,1468.76,32.37
142.0,100,9,46.00,90.0,89.44,1501.13,1468.76,32.37
142.0,100,9,46.00,90.0,89.44,1501.13,1468.76,32.37
142.0,100,9,46.00,90.0,89.44,1501.13,1468.76,32.37
142.0,100,9,46.00,90.0,89.44,1501.13,1468.76,32.37
142.0,100,9,46.00,90.0,89.44,1501.13,1468.76,32.37
142.0,100,9,46.00,90.0,89.44,1501.13,1468.76,32.37
142.0,100,9,46.00,90.0,89.44,1501.13,1468.76,32.37
142.0,100,9,46.00,90.0,89.44,1501.13,1468.76,32.37
142.0,100,9,46.00,90.0,89.44,1501.13,1468.76,32.37
142.0,100,9,46.00,90.0,89.44,1501.13,1468.76,32.37
142.0,100,9,46.00,90.0,89.44,1501.13,1468.76,32.37
142.0,100,9,46.00,90.0,89.44,1501.13,1468.76,32.37
142.0,100,9,46.00,90.0,89.44,1501.13,1468.76,32.37
143.0,100,8,74.00,60.0,81.67,1501.13,1468.76,32.37
144.0,100,8,92.50,60.0,81.11,1501.13,1468.76,32.37
145.0,100,8,97.50,40.0,80.00,1501.13,1468.76,32.37
145.0,100,9,42.50,40.0,92.22,1501.13,1468.76,32.37
145.0,100,9,42.50,40.0,92.22,1501.13,1468.76,32.37
145.0,100,9,42.50,40.0,92.22,1501.13,1468.76,32.37
145.0,100,9,42.50,40.0,92.22,1501.13,1468.76,32.37
145.0,100,9,42.50,40.0,92.22,1501.13,1468.76,32.37
145.0,100,9,42.50,40.0,92.22,1501.13,1468.76,32.37
145.0,100,9,42.50,40.0,92.22,1501.13,1468.76,32.37
145.0,100,9,42.50,40.0,92.22,1501.13,1468.76,32.37
145.0,100,9,42.50,40.0,92.22,1501.13,1468.76,32.37
146.0,100,8,82.00,40.0,79.44,1501.13,1468.76,32.37
146.0,100,9,42.50,40.0,92.22,1501.13,1468.76,32.37
147.0,100,8,110.00,0.0,82.78,1501.13,1468.76,32.37
147.0,100,9,65.00,0.0,93.89,1501.13,1468.76,32.37
147.0,100,9,65.00,0.0,93.89,1501.13,1468.76,32.37
148.0,100,8,123.33,0.0,81.11,1501.13,1468.76,32.37
148.0,100,9,65.00,0.0,93.89,1501.13,1468.76,32.37
148.0,100,9,65.00,0.0,93.89,1501.13,1468.76,32.37
148.0,100,9,65.00,0.0,93.89,1501.13,1468.76,32.37
148.0,100,9,65.00,0.0,93.89,1501.13,1468.76,32.37
148.0,100,9,65.00,0.0,93.89,1501.13,1468.76,32.37
148.0,100,9,65.00,0.0,93.89,1501.13,1468.76,32.37
148.0,100,9,65.00,0.0,93.89,1501.13,1468.76,32.37
148.0,100,9,65.00,0.0,93.89,1501.13,1468.76,32.37
148.0,100,9,65.00,0.0,93.89,1501.13,1468.76,32.37
148.0,100,9,65.00,0.0,93.89,1501.13,1468.76,32.37
148.0,100,9,65.00,0.0,93.89,1501.13,1468.76,32.37
148.0,100,9,65.00,0.0,93.89,1501.13,1468.76,32.37
148.0,100,9,65.00,0.0,93.89,1501.13,1468.76,32.37
148.0,100,9,65.00,0.0,93.89,1501.13,1468.76,32.37
148.0,100,9,65.00,0.0,93.89,1501.13,1468.76,32.37
148.0,100,9,65.00,0.0,93.89,1501.13,1468.76,32.37
149.0,100,8,73.33,0.0,89.44,1501.13,1468.76,32.37
149.0,100,8,73.33,0.0,89.44,1501.13,1468.76,32.37
149.0,100,8,73.33,0.0,89.44,1501.13,1468.76,32.37
149.0,100,8,73.33,0.0,89.44,1501.13,1468.76,32.37
149.0,100,8,73.33,0.0,89.44,1501.13,1468.76,32.37
149.0,100,8,73.33,0.0,89.44,1501.13,1468.76,32.37
149.0,100,8,73.33,0.0,89.44,1501.13,1468.76,32.37
150.0,100,7,105.00,0.0,78.33,1501.13,1468.76,32.37
151.0,100,7,200.00,0.0,78.89,1501.13,1468.76,32.37
151.0,100,8,85.00,0.0,91.67,1501.13,1468.76,32.37
151.0,100,8,85.00,0.0,91.67,1501.13,1468.76,32.37
152.0,100,7,410.00,0.0,77.78,1501.13,1468.76,32.37
152.0,100,9, NaN,0.0,100.00,1501.13,1468.76,32.37
152.0,100,9, NaN,0.0,100.00,1501.13,1468.76,32.37
153.0,100,8,140.00,0.0,92.78,1501.13,1468.76,32.37
153.0,100,9,30.00,30.0,98.89,1501.13,1468.76,32.37
153.0,100,9,30.00,30.0,98.89,1501.13,1468.76,32.37
153.0,100,9,30.00,30.0,98.89,1501.13,1468.76,32.37
153.0,100,9,30.00,30.0,98.89,1501.13,1468.76,32.37
153.0,100,9,30.00,30.0,98.89,1501.13,1468.76,32.37
154.0,100,8,85.00,30.0,91.67,1501.13,1468.76,32.37
154.0,100,9,35.00,70.0,97.22,1501.13,1468.76,32.37
154.0,100,9,35.00,70.0,97.22,1501.13,1468.76,32.37
154.0,100,9,35.00,70.0,97.22,1501.13,1468.76,32.37
155.0,100,8,130.00,40.0,86.11,1501.13,1468.76,32.37