0.0,0,1,1720.00,0.0,4.44,,,
0.0,0,2,1490.00,0.0,17.22,,,
0.0,0,2,1490.00,0.0,17.22,,,
0.0,0,4,1110.00,0.0,38.33,,,
0.0,0,5,860.00,0.0,52.22,,,
0.0,0,6,660.00,0.0,63.33,,,
1.0,0,5,410.00,0.0,55.00,,,
1.0,0,6,270.00,0.0,70.56,,,
1.0,0,8,145.00,0.0,84.44,,,
1.0,0,8,145.00,0.0,84.44,,,
1.0,0,9,60.00,0.0,97.22,,,
1.0,1,9,60.00,0.0,97.22,,,
1.0,2,9,60.00,0.0,97.22,,,
1.0,3,9,60.00,0.0,97.22,,,
1.0,4,9,60.00,0.0,97.22,,,
1.0,6,9,60.00,0.0,97.22,,,
1.0,7,9,60.00,0.0,97.22,,,
1.0,8,9,60.00,0.0,97.22,,,
1.0,8,9,60.00,0.0,97.22,,,
1.0,9,9,60.00,0.0,97.22,,,
1.0,11,9,60.00,0.0,97.22,,,
1.0,11,9,60.00,0.0,97.22,,,
1.0,13,9,60.00,0.0,97.22,,,
1.0,14,9,60.00,0.0,97.22,,,
1.0,15,9,60.00,0.0,97.22,,,
1.0,15,9,60.00,0.0,97.22,,,
1.0,16,9,60.00,0.0,97.22,,,
1.0,16,9,60.00,0.0,97.22,,,
1.0,17,9,60.00,0.0,97.22,,,
2.0,17,8,150.00,0.0,84.44,,,
2.0,16,10,40.00,20.0,96.67,,,
2.0,18,10,40.00,20.0,96.67,,,
2.0,19,10,40.00,20.0,96.67,,,
2.0,21,11,20.00,20.0,99.44,,,
2.0,23,11,20.00,20.0,99.44,,,
2.0,24,11,20.00,20.0,99.44,,,
2.0,25,11,20.00,20.0,99.44,,,
2.0,27,11,20.00,20.0,99.44,,,
2.0,28,11,20.00,20.0,99.44,,,
3.0,28,10,160.00,0.0,91.67,,,
3.0,29,11,40.00,40.0,98.33,,,
4.0,29,10,65.00,40.0,93.89,,,
4.0,29,11,40.00,40.0,98.33,,,
4.0,30,11,40.00,40.0,98.33,,,
4.0,31,11,40.00,40.0,98.33,,,
5.0,32,10,150.00,40.0,84.44,,,
6.0,31,11,100.00,60.0,85.00,,,
6.0,30,12,33.33,100.0,96.11,,,
6.0,32,12,33.33,100.0,96.11,,,
6.0,33,12,33.33,100.0,96.11,,,
6.0,33,12,33.33,100.0,96.11,,,
7.0,34,11,97.50,100.0,80.56,,,
7.0,32,13,32.50,130.0,95.00,,,
7.0,33,13,32.50,130.0,95.00,,,
7.0,34,13,32.50,130.0,95.00,,,
7.0,34,13,32.50,130.0,95.00,,,
7.0,35,13,32.50,130.0,95.00,,,
7.0,36,13,32.50,130.0,95.00,,,
7.0,37,13,32.50,130.0,95.00,,,
8.0,38,12,72.00,130.0,82.22,,,
8.0,39,13,38.00,130.0,91.67,,,
8.0,40,13,38.00,130.0,91.67,,,
8.0,40,13,38.00,130.0,91.67,,,
8.0,41,13,38.00,130.0,91.67,,,
8.0,42,13,38.00,130.0,91.67,,,
8.0,43,13,38.00,130.0,91.67,,,
8.0,44,13,38.00,130.0,91.67,,,
8.0,45,13,38.00,130.0,91.67,,,
8.0,46,13,38.00,130.0,91.67,,,
8.0,47,13,38.00,130.0,91.67,,,
8.0,48,14,32.50,130.0,94.44,,,
8.0,48,14,32.50,130.0,94.44,,,
8.0,49,14,32.50,130.0,94.44,,,
9.0,49,13,82.50,110.0,83.33,,,
9.0,48,15,36.67,110.0,95.00,,,
9.0,49,15,36.67,110.0,95.00,,,
10.0,49,14,55.00,110.0,89.44,,,
10.0,50,15,36.67,110.0,95.00,,,
10.0,52,15,36.67,110.0,95.00,,,
10.0,52,15,36.67,110.0,95.00,,,
10.0,53,15,36.67,110.0,95.00,,,
11.0,54,14,86.67,80.0,86.67,,,
11.0,53,15,43.33,80.0,93.89,,,
11.0,54,15,43.33,80.0,93.89,,,
11.0,55,15,43.33,80.0,93.89,,,
11.0,56,15,43.33,80.0,93.89,,,
11.0,56,15,43.33,80.0,93.89,,,
11.0,58,15,43.33,80.0,93.89,,,
11.0,59,15,43.33,80.0,93.89,,,
12.0,59,14,70.00,40.0,89.44,,,
12.0,61,15,45.00,40.0,95.56,,,
12.0,63,15,45.00,40.0,95.56,,,
12.0,63,15,45.00,40.0,95.56,,,
12.0,64,15,45.00,40.0,95.56,,,
12.0,65,15,45.00,40.0,95.56,,,
12.0,65,15,45.00,40.0,95.56,,,
12.0,66,15,45.00,40.0,95.56,,,
12.0,66,15,45.00,40.0,95.56,,,
12.0,69,15,45.00,40.0,95.56,,,
12.0,69,15,45.00,40.0,95.56,,,
12.0,70,15,45.00,40.0,95.56,,,
13.0,70,14,130.00,40.0,86.11,,,
13.0,70,15,40.00,40.0,97.78,,,
13.0,70,15,40.00,40.0,97.78,,,
14.0,71,14,80.00,40.0,91.67,,,
14.0,70,15,30.00,60.0,97.22,,,
14.0,72,15,30.00,60.0,97.22,,,
14.0,73,15,30.00,60.0,97.22,,,
14.0,74,15,30.00,60.0,97.22,,,
15.0,74,14,80.00,20.0,91.67,,,
15.0,74,15,20.00,40.0,98.33,,,
15.0,75,15,20.00,40.0,98.33,,,
15.0,76,15,20.00,40.0,98.33,,,
15.0,76,15,20.00,40.0,98.33,,,
15.0,78,15,20.00,40.0,98.33,,,
15.0,78,15,20.00,40.0,98.33,,,
15.0,80,15,20.00,40.0,98.33,,,
15.0,81,15,20.00,40.0,98.33,,,
15.0,82,15,20.00,40.0,98.33,,,
15.0,83,15,20.00,40.0,98.33,,,
15.0,84,15,20.00,40.0,98.33,,,
16.0,85,14,50.00,40.0,92.78,,,
16.0,84,15,20.00,60.0,97.78,,,
16.0,86,15,20.00,60.0,97.78,,,
16.0,86,15,20.00,60.0,97.78,,,
16.0,87,15,20.00,60.0,97.78,,,
16.0,90,15,20.00,60.0,97.78,,,
16.0,90,15,20.00,60.0,97.78,,,
16.0,92,15,20.00,60.0,97.78,,,
16.0,93,15,20.00,60.0,97.78,,,
16.0,95,15,20.00,60.0,97.78,,,
16.0,96,15,20.00,60.0,97.78,,,
16.0,96,15,20.00,60.0,97.78,,,
16.0,98,15,20.00,60.0,97.78,,,
16.0,99,15,20.00,60.0,97.78,,,
17.0,100,14,60.00,40.0,91.11,,,
17.0,99,15,23.33,70.0,97.22,,,
17.0,100,15,23.33,70.0,97.22,,,
18.0,100,14,40.00,70.0,92.78,,,
18.0,100,15,27.50,110.0,95.56,,,
19.0,100,14,40.00,90.0,92.78,,,
19.0,100,15,30.00,90.0,96.11,,,
19.0,100,15,30.00,90.0,96.11,,,
19.0,100,15,30.00,90.0,96.11,,,
19.0,100,15,30.00,90.0,96.11,,,
19.0,100,15,30.00,90.0,96.11,,,
19.0,100,15,30.00,90.0,96.11,,,
19.0,100,15,30.00,90.0,96.11,,,
19.0,100,15,30.00,90.0,96.11,,,
19.0,100,15,30.00,90.0,96.11,,,
19.0,100,15,30.00,90.0,96.11,,,
19.0,100,15,30.00,90.0,96.11,,,
19.0,100,15,30.00,90.0,96.11,,,
19.0,100,15,30.00,90.0,96.11,,,
19.0,100,15,30.00,90.0,96.11,,,
19.0,100,15,30.00,90.0,96.11,,,
19.0,100,15,30.00,90.0,96.11,,,
20.0,100,14,60.00,90.0,88.33,,,
20.0,100,16,30.00,90.0,96.11,,,
20.0,100,16,30.00,90.0,96.11,,,
21.0,100,15,96.67,50.0,85.00,,,
21.0,100,17,30.00,90.0,96.11,,,
21.0,100,17,30.00,90.0,96.11,,,
21.0,100,17,30.00,90.0,96.11,,,
21.0,100,17,30.00,90.0,96.11,,,
21.0,100,17,30.00,90.0,96.11,,,
22.0,100,16,60.00,70.0,91.11,,,
22.0,100,17,35.00,70.0,96.67,,,
23.0,100,16,43.33,70.0,93.89,,,
23.0,100,16,43.33,70.0,93.89,,,
23.0,100,16,43.33,70.0,93.89,,,
23.0,100,16,43.33,70.0,93.89,,,
23.0,100,16,43.33,70.0,93.89,,,
23.0,100,16,43.33,70.0,93.89,,,
23.0,100,16,43.33,70.0,93.89,,,
23.0,100,16,43.33,70.0,93.89,,,
23.0,100,16,43.33,70.0,93.89,,,
23.0,100,16,43.33,70.0,93.89,,,
23.0,100,16,43.33,70.0,93.89,,,
24.0,100,15,67.50,70.0,86.67,,,
24.0,100,16,43.33,70.0,93.89,,,
24.0,100,16,43.33,70.0,93.89,,,
24.0,100,16,43.33,70.0,93.89,,,
24.0,100,16,43.33,70.0,93.89,,,
24.0,100,16,43.33,70.0,93.89,,,
24.0,100,16,43.33,70.0,93.89,,,
24.0,100,16,43.33,70.0,93.89,,,
24.0,100,16,43.33,70.0,93.89,,,
24.0,100,16,43.33,70.0,93.89,,,
24.0,100,16,43.33,70.0,93.89,,,
24.0,100,16,43.33,70.0,93.89,,,
25.0,100,15,60.00,70.0,88.33,,,
25.0,100,16,43.33,70.0,93.89,,,
26.0,100,15,80.00,30.0,87.78,,,
27.0,100,15,92.50,30.0,81.11,,,
27.0,100,17,50.00,30.0,92.78,,,
27.0,100,17,50.00,30.0,92.78,,,
27.0,100,17,50.00,30.0,92.78,,,
27.0,100,17,50.00,30.0,92.78,,,
27.0,100,17,50.00,30.0,92.78,,,
27.0,100,17,50.00,30.0,92.78,,,
27.0,100,17,50.00,30.0,92.78,,,
27.0,100,17,50.00,30.0,92.78,,,
27.0,100,17,50.00,30.0,92.78,,,
27.0,100,17,50.00,30.0,92.78,,,
28.0,100,16,52.50,30.0,90.00,405.00,390.00,15.00
28.0,100,16,52.50,30.0,90.00,405.00,390.00,15.00
29.0,100,15,77.50,30.0,84.44,537.50,527.50,10.00
29.0,100,16,50.00,30.0,92.78,537.50,527.50,10.00
29.0,100,16,50.00,30.0,92.78,537.50,527.50,10.00
29.0,100,16,50.00,30.0,92.78,537.50,527.50,10.00
30.0,100,15,55.00,30.0,89.44,553.33,545.00,8.33
30.0,100,15,55.00,30.0,89.44,553.33,545.00,8.33
30.0,100,15,55.00,30.0,89.44,553.33,545.00,8.33
30.0,100,15,55.00,30.0,89.44,553.33,545.00,8.33
30.0,100,15,55.00,30.0,89.44,553.33,545.00,8.33
30.0,100,15,55.00,30.0,89.44,553.33,545.00,8.33
31.0,100,14,78.00,30.0,80.56,685.00,665.00,20.00
31.0,100,15,55.00,30.0,89.44,685.00,665.00,20.00
31.0,100,15,55.00,30.0,89.44,685.00,665.00,20.00
31.0,100,15,55.00,30.0,89.44,685.00,665.00,20.00
31.0,100,15,55.00,30.0,89.44,685.00,665.00,20.00
32.0,100,14,67.50,30.0,86.67,711.00,685.00,26.00
32.0,100,15,45.00,60.0,91.67,711.00,685.00,26.00
32.0,100,15,45.00,60.0,91.67,711.00,685.00,26.00
32.0,100,15,45.00,60.0,91.67,711.00,685.00,26.00
32.0,100,15,45.00,60.0,91.67,711.00,685.00,26.00
32.0,100,15,45.00,60.0,91.67,711.00,685.00,26.00
33.0,100,14,54.00,60.0,87.22,749.17,719.17,30.00
34.0,100,14,70.00,60.0,86.11,781.43,750.00,31.43
34.0,100,15,40.00,100.0,92.78,781.43,750.00,31.43
34.0,100,15,40.00,100.0,92.78,781.43,750.00,31.43
34.0,100,15,40.00,100.0,92.78,781.43,750.00,31.43
35.0,100,14,70.00,70.0,86.11,806.88,774.38,32.50
35.0,100,15,43.33,70.0,93.89,806.88,774.38,32.50
35.0,100,15,43.33,70.0,93.89,806.88,774.38,32.50
35.0,100,15,43.33,70.0,93.89,806.88,774.38,32.50
35.0,100,15,43.33,70.0,93.89,806.88,774.38,32.50
35.0,100,15,43.33,70.0,93.89,806.88,774.38,32.50
35.0,100,15,43.33,70.0,93.89,806.88,774.38,32.50
35.0,100,15,43.33,70.0,93.89,806.88,774.38,32.50
35.0,100,15,43.33,70.0,93.89,806.88,774.38,32.50
35.0,100,15,43.33,70.0,93.89,806.88,774.38,32.50
35.0,100,15,43.33,70.0,93.89,806.88,774.38,32.50
35.0,100,15,43.33,70.0,93.89,806.88,774.38,32.50
35.0,100,15,43.33,70.0,93.89,806.88,774.38,32.50
35.0,100,15,43.33,70.0,93.89,806.88,774.38,32.50
35.0,100,15,43.33,70.0,93.89,806.88,774.38,32.50
35.0,100,15,43.33,70.0,93.89,806.88,774.38,32.50
35.0,100,15,43.33,70.0,93.89,806.88,774.38,32.50
36.0,100,14,67.50,70.0,86.67,850.56,815.56,35.00
37.0,100,14,52.00,100.0,87.78,849.00,814.50,34.50
37.0,100,15,36.00,120.0,92.22,849.00,814.50,34.50
37.0,100,15,36.00,120.0,92.22,849.00,814.50,34.50
37.0,100,15,36.00,120.0,92.22,849.00,814.50,34.50
37.0,100,15,36.00,120.0,92.22,849.00,814.50,34.50
37.0,100,15,36.00,120.0,92.22,849.00,814.50,34.50
37.0,100,15,36.00,120.0,92.22,849.00,814.50,34.50
37.0,100,15,36.00,120.0,92.22,849.00,814.50,34.50
37.0,100,15,36.00,120.0,92.22,849.00,814.50,34.50
37.0,100,15,36.00,120.0,92.22,849.00,814.50,34.50
37.0,100,15,36.00,120.0,92.22,849.00,814.50,34.50
37.0,100,15,36.00,120.0,92.22,849.00,814.50,34.50
37.0,100,15,36.00,120.0,92.22,849.00,814.50,34.50
37.0,100,15,36.00,120.0,92.22,849.00,814.50,34.50
37.0,100,15,36.00,120.0,92.22,849.00,814.50,34.50
37.0,100,15,36.00,120.0,92.22,849.00,814.50,34.50
37.0,100,15,36.00,120.0,92.22,849.00,814.50,34.50
37.0,100,15,36.00,120.0,92.22,849.00,814.50,34.50
37.0,100,15,36.00,120.0,92.22,849.00,814.50,34.50
37.0,100,15,36.00,120.0,92.22,849.00,814.50,34.50
37.0,100,15,36.00,120.0,92.22,849.00,814.50,34.50
37.0,100,15,36.00,120.0,92.22,849.00,814.50,34.50
37.0,100,15,36.00,120.0,92.22,849.00,814.50,34.50
38.0,100,14,60.00,80.0,85.56,853.64,820.91,32.73
38.0,100,15,35.00,80.0,93.89,853.64,820.91,32.73
38.0,100,15,35.00,80.0,93.89,853.64,820.91,32.73
38.0,100,15,35.00,80.0,93.89,853.64,820.91,32.73
38.0,100,15,35.00,80.0,93.89,853.64,820.91,32.73
38.0,100,15,35.00,80.0,93.89,853.64,820.91,32.73
38.0,100,15,35.00,80.0,93.89,853.64,820.91,32.73
38.0,100,15,35.00,80.0,93.89,853.64,820.91,32.73
38.0,100,15,35.00,80.0,93.89,853.64,820.91,32.73
38.0,100,15,35.00,80.0,93.89,853.64,820.91,32.73
38.0,100,15,35.00,80.0,93.89,853.64,820.91,32.73
38.0,100,15,35.00,80.0,93.89,853.64,820.91,32.73
38.0,100,15,35.00,80.0,93.89,853.64,820.91,32.73
38.0,100,15,35.00,80.0,93.89,853.64,820.91,32.73
38.0,100,15,35.00,80.0,93.89,853.64,820.91,32.73
38.0,100,15,35.00,80.0,93.89,853.64,820.91,32.73
38.0,100,15,35.00,80.0,93.89,853.64,820.91,32.73
38.0,100,15,35.00,80.0,93.89,853.64,820.91,32.73
38.0,100,15,35.00,80.0,93.89,853.64,820.91,32.73
38.0,100,15,35.00,80.0,93.89,853.64,820.91,32.73
38.0,100,15,35.00,80.0,93.89,853.64,820.91,32.73
38.0,100,15,35.00,80.0,93.89,853.64,820.91,32.73
38.0,100,15,35.00,80.0,93.89,853.64,820.91,32.73
38.0,100,15,35.00,80.0,93.89,853.64,820.91,32.73
38.0,100,15,35.00,80.0,93.89,853.64,820.91,32.73
38.0,100,15,35.00,80.0,93.89,853.64,820.91,32.73
38.0,100,15,35.00,80.0,93.89,853.64,820.91,32.73
38.0,100,15,35.00,80.0,93.89,853.64,820.91,32.73
39.0,100,14,56.00,80.0,86.67,881.25,847.92,33.33
39.0,100,15,32.00,100.0,93.33,881.25,847.92,33.33
39.0,100,15,32.00,100.0,93.33,881.25,847.92,33.33
40.0,100,14,46.67,100.0,87.22,916.92,881.92,35.00
40.0,100,15,32.00,100.0,93.33,916.92,881.92,35.00
40.0,100,15,32.00,100.0,93.33,916.92,881.92,35.00
40.0,100,15,32.00,100.0,93.33,916.92,881.92,35.00
41.0,100,14,38.33,100.0,90.00,933.57,897.14,36.43
41.0,100,15,32.00,100.0,93.33,933.57,897.14,36.43
42.0,100,14,48.00,80.0,88.89,937.33,902.00,35.33
42.0,100,15,35.00,80.0,93.89,937.33,902.00,35.33
42.0,100,15,35.00,80.0,93.89,937.33,902.00,35.33
42.0,100,15,35.00,80.0,93.89,937.33,902.00,35.33
43.0,100,14,48.00,80.0,88.89,955.94,920.31,35.63
44.0,100,14,64.00,80.0,84.44,972.65,936.76,35.88
44.0,100,15,34.00,110.0,92.78,972.65,936.76,35.88
44.0,100,15,34.00,110.0,92.78,972.65,936.76,35.88
44.0,100,15,34.00,110.0,92.78,972.65,936.76,35.88
44.0,100,15,34.00,110.0,92.78,972.65,936.76,35.88
44.0,100,15,34.00,110.0,92.78,972.65,936.76,35.88
44.0,100,15,34.00,110.0,92.78,972.65,936.76,35.88
44.0,100,15,34.00,110.0,92.78,972.65,936.76,35.88
45.0,100,14,40.00,110.0,89.44,948.61,914.44,34.17
45.0,100,14,40.00,110.0,89.44,948.61,914.44,34.17
45.0,100,14,40.00,110.0,89.44,948.61,914.44,34.17
46.0,100,13,64.00,50.0,84.44,965.00,930.79,34.21
46.0,100,14,45.00,50.0,92.22,965.00,930.79,34.21
47.0,100,13,67.50,50.0,87.22,989.75,954.50,35.25
47.0,100,14,40.00,50.0,95.00,989.75,954.50,35.25
47.0,100,14,40.00,50.0,95.00,989.75,954.50,35.25
47.0,100,14,40.00,50.0,95.00,989.75,954.50,35.25
47.0,100,14,40.00,50.0,95.00,989.75,954.50,35.25
47.0,100,14,40.00,50.0,95.00,989.75,954.50,35.25
47.0,100,14,40.00,50.0,95.00,989.75,954.50,35.25
48.0,100,13,57.50,50.0,89.44,1008.81,972.62,36.19
48.0,100,14,40.00,50.0,95.00,1008.81,972.62,36.19
48.0,100,14,40.00,50.0,95.00,1008.81,972.62,36.19
49.0,100,13,60.00,50.0,88.89,1021.82,985.91,35.91
49.0,100,14,40.00,90.0,93.33,1021.82,985.91,35.91
49.0,100,14,40.00,90.0,93.33,1021.82,985.91,35.91
49.0,100,14,40.00,90.0,93.33,1021.82,985.91,35.91
49.0,100,14,40.00,90.0,93.33,1021.82,985.91,35.91
49.0,100,14,40.00,90.0,93.33,1021.82,985.91,35.91
50.0,100,13,77.50,50.0,85.00,1025.65,990.87,34.78
50.0,100,14,35.00,70.0,94.44,1025.65,990.87,34.78
51.0,100,13,55.00,50.0,90.00,1036.67,1001.67,35.00
51.0,100,14,40.00,50.0,95.00,1036.67,1001.67,35.00
51.0,100,14,40.00,50.0,95.00,1036.67,1001.67,35.00
51.0,100,14,40.00,50.0,95.00,1036.67,1001.67,35.00
51.0,100,14,40.00,50.0,95.00,1036.67,1001.67,35.00
51.0,100,14,40.00,50.0,95.00,1036.67,1001.67,35.00
51.0,100,14,40.00,50.0,95.00,1036.67,1001.67,35.00
51.0,100,14,40.00,50.0,95.00,1036.67,1001.67,35.00
51.0,100,14,40.00,50.0,95.00,1036.67,1001.67,35.00
52.0,100,13,70.00,50.0,86.67,1062.00,1026.40,35.60
52.0,100,14,37.50,80.0,93.89,1062.00,1026.40,35.60
52.0,100,14,37.50,80.0,93.89,1062.00,1026.40,35.60
52.0,100,14,37.50,80.0,93.89,1062.00,1026.40,35.60
52.0,100,14,37.50,80.0,93.89,1062.00,1026.40,35.60
52.0,100,14,37.50,80.0,93.89,1062.00,1026.40,35.60
52.0,100,14,37.50,80.0,93.89,1062.00,1026.40,35.60
52.0,100,14,37.50,80.0,93.89,1062.00,1026.40,35.60
52.0,100,14,37.50,80.0,93.89,1062.00,1026.40,35.60
53.0,100,13,64.00,80.0,85.00,1068.65,1032.50,36.15
53.0,100,15,24.00,120.0,96.11,1068.65,1032.50,36.15
53.0,100,15,24.00,120.0,96.11,1068.65,1032.50,36.15
54.0,100,14,42.00,100.0,91.11,1075.00,1039.44,35.56
54.0,100,15,26.00,130.0,95.56,1075.00,1039.44,35.56
54.0,100,15,26.00,130.0,95.56,1075.00,1039.44,35.56
54.0,100,15,26.00,130.0,95.56,1075.00,1039.44,35.56
54.0,100,15,26.00,130.0,95.56,1075.00,1039.44,35.56
54.0,100,15,26.00,130.0,95.56,1075.00,1039.44,35.56
55.0,100,14,50.00,100.0,88.89,1086.25,1051.07,35.18
55.0,100,15,25.00,100.0,96.67,1086.25,1051.07,35.18
56.0,100,14,62.50,70.0,88.33,1094.48,1059.31,35.17
57.0,100,14,52.50,70.0,90.56,1102.50,1067.67,34.83
58.0,100,14,40.00,90.0,91.67,1107.90,1073.71,34.19
58.0,100,15,24.00,120.0,96.11,1107.90,1073.71,34.19
58.0,100,15,24.00,120.0,96.11,1107.90,1073.71,34.19
58.0,100,15,24.00,120.0,96.11,1107.90,1073.71,34.19
58.0,100,15,24.00,120.0,96.11,1107.90,1073.71,34.19
59.0,100,14,40.00,90.0,91.67,1111.41,1078.13,33.28
59.0,100,15,24.00,120.0,96.11,1111.41,1078.13,33.28
59.0,100,15,24.00,120.0,96.11,1111.41,1078.13,33.28
59.0,100,15,24.00,120.0,96.11,1111.41,1078.13,33.28
59.0,100,15,24.00,120.0,96.11,1111.41,1078.13,33.28
60.0,100,14,58.00,100.0,86.67,1116.82,1084.09,32.73
60.0,100,15,25.00,100.0,96.67,1116.82,1084.09,32.73
60.0,100,15,25.00,100.0,96.67,1116.82,1084.09,32.73
60.0,100,15,25.00,100.0,96.67,1116.82,1084.09,32.73
60.0,100,15,25.00,100.0,96.67,1116.82,1084.09,32.73
60.0,100,15,25.00,100.0,96.67,1116.82,1084.09,32.73
60.0,100,15,25.00,100.0,96.67,1116.82,1084.09,32.73
60.0,100,15,25.00,100.0,96.67,1116.82,1084.09,32.73
61.0,100,14,60.00,80.0,88.89,1132.50,1099.12,33.38
61.0,100,15,26.67,80.0,97.22,1132.50,1099.12,33.38
61.0,100,15,26.67,80.0,97.22,1132.50,1099.12,33.38
61.0,100,15,26.67,80.0,97.22,1132.50,1099.12,33.38
61.0,100,15,26.67,80.0,97.22,1132.50,1099.12,33.38
61.0,100,15,26.67,80.0,97.22,1132.50,1099.12,33.38
61.0,100,15,26.67,80.0,97.22,1132.50,1099.12,33.38
61.0,100,15,26.67,80.0,97.22,1132.50,1099.12,33.38
61.0,100,15,26.67,80.0,97.22,1132.50,1099.12,33.38
62.0,100,14,45.00,80.0,92.22,1139.43,1106.43,33.00
62.0,100,15,27.50,110.0,96.11,1139.43,1106.43,33.00
62.0,100,15,27.50,110.0,96.11,1139.43,1106.43,33.00
62.0,100,15,27.50,110.0,96.11,1139.43,1106.43,33.00
62.0,100,15,27.50,110.0,96.11,1139.43,1106.43,33.00
62.0,100,15,27.50,110.0,96.11,1139.43,1106.43,33.00
62.0,100,15,27.50,110.0,96.11,1139.43,1106.43,33.00
62.0,100,15,27.50,110.0,96.11,1139.43,1106.43,33.00
62.0,100,15,27.50,110.0,96.11,1139.43,1106.43,33.00
62.0,100,15,27.50,110.0,96.11,1139.43,1106.43,33.00
62.0,100,15,27.50,110.0,96.11,1139.43,1106.43,33.00
63.0,100,14,52.00,110.0,88.33,1155.42,1122.50,32.92
64.0,100,14,38.00,110.0,92.22,1164.59,1131.62,32.97
64.0,100,15,27.50,110.0,96.11,1164.59,1131.62,32.97
64.0,100,15,27.50,110.0,96.11,1164.59,1131.62,32.97
64.0,100,15,27.50,110.0,96.11,1164.59,1131.62,32.97
65.0,100,14,54.00,110.0,87.78,1169.08,1136.58,32.50
65.0,100,16,26.00,130.0,95.56,1169.08,1136.58,32.50
65.0,100,16,26.00,130.0,95.56,1169.08,1136.58,32.50
65.0,100,16,26.00,130.0,95.56,1169.08,1136.58,32.50
65.0,100,16,26.00,130.0,95.56,1169.08,1136.58,32.50
65.0,100,16,26.00,130.0,95.56,1169.08,1136.58,32.50
65.0,100,16,26.00,130.0,95.56,1169.08,1136.58,32.50
66.0,100,15,42.00,100.0,91.11,1169.87,1137.82,32.05
67.0,100,15,43.33,120.0,88.33,1179.50,1147.38,32.13
68.0,100,15,46.67,130.0,87.22,1187.20,1155.24,31.95
68.0,100,16,25.00,150.0,94.44,1187.20,1155.24,31.95
68.0,100,16,25.00,150.0,94.44,1187.20,1155.24,31.95
68.0,100,16,25.00,150.0,94.44,1187.20,1155.24,31.95
68.0,100,16,25.00,150.0,94.44,1187.20,1155.24,31.95
68.0,100,16,25.00,150.0,94.44,1187.20,1155.24,31.95
68.0,100,16,25.00,150.0,94.44,1187.20,1155.24,31.95
68.0,100,16,25.00,150.0,94.44,1187.20,1155.24,31.95
69.0,100,15,45.00,130.0,87.78,1195.12,1163.45,31.67
69.0,100,16,26.00,130.0,95.00,1195.12,1163.45,31.67
70.0,100,15,67.50,80.0,86.67,1213.60,1182.09,31.51
70.0,100,17,27.50,110.0,95.56,1213.60,1182.09,31.51
70.0,100,17,27.50,110.0,95.56,1213.60,1182.09,31.51
71.0,100,16,47.50,80.0,91.11,1222.16,1190.57,31.59
71.0,100,17,32.50,80.0,94.44,1222.16,1190.57,31.59
71.0,100,17,32.50,80.0,94.44,1222.16,1190.57,31.59
71.0,100,17,32.50,80.0,94.44,1222.16,1190.57,31.59
71.0,100,17,32.50,80.0,94.44,1222.16,1190.57,31.59
71.0,100,17,32.50,80.0,94.44,1222.16,1190.57,31.59
71.0,100,17,32.50,80.0,94.44,1222.16,1190.57,31.59
71.0,100,17,32.50,80.0,94.44,1222.16,1190.57,31.59
71.0,100,17,32.50,80.0,94.44,1222.16,1190.57,31.59
71.0,100,17,32.50,80.0,94.44,1222.16,1190.57,31.59
71.0,100,17,32.50,80.0,94.44,1222.16,1190.57,31.59
71.0,100,17,32.50,80.0,94.44,1222.16,1190.57,31.59
71.0,100,17,32.50,80.0,94.44,1222.16,1190.57,31.59
71.0,100,17,32.50,80.0,94.44,1222.16,1190.57,31.59
71.0,100,17,32.50,80.0,94.44,1222.16,1190.57,31.59
72.0,100,16,38.00,80.0,91.67,1207.00,1175.44,31.56
72.0,100,16,38.00,80.0,91.67,1207.00,1175.44,31.56
72.0,100,16,38.00,80.0,91.67,1207.00,1175.44,31.56
72.0,100,16,38.00,80.0,91.67,1207.00,1175.44,31.56
72.0,100,16,38.00,80.0,91.67,1207.00,1175.44,31.56
72.0,100,16,38.00,80.0,91.67,1207.00,1175.44,31.56
73.0,100,15,56.67,80.0,83.89,1217.17,1185.98,31.20
73.0,100,16,36.67,110.0,90.56,1217.17,1185.98,31.20
73.0,100,16,36.67,110.0,90.56,1217.17,1185.98,31.20
74.0,100,15,60.00,90.0,82.78,1228.62,1197.45,31.17
74.0,100,16,40.00,90.0,91.11,1228.62,1197.45,31.17
74.0,100,16,40.00,90.0,91.11,1228.62,1197.45,31.17
74.0,100,16,40.00,90.0,91.11,1228.62,1197.45,31.17
74.0,100,16,40.00,90.0,91.11,1228.62,1197.45,31.17
75.0,100,15,56.00,60.0,86.67,1236.15,1205.00,31.15
75.0,100,16,44.00,60.0,90.00,1236.15,1205.00,31.15
75.0,100,16,44.00,60.0,90.00,1236.15,1205.00,31.15
75.0,100,16,44.00,60.0,90.00,1236.15,1205.00,31.15
75.0,100,16,44.00,60.0,90.00,1236.15,1205.00,31.15
75.0,100,16,44.00,60.0,90.00,1236.15,1205.00,31.15
75.0,100,16,44.00,60.0,90.00,1236.15,1205.00,31.15
75.0,100,16,44.00,60.0,90.00,1236.15,1205.00,31.15
75.0,100,16,44.00,60.0,90.00,1236.15,1205.00,31.15
75.0,100,16,44.00,60.0,90.00,1236.15,1205.00,31.15
75.0,100,16,44.00,60.0,90.00,1236.15,1205.00,31.15
75.0,100,16,44.00,60.0,90.00,1236.15,1205.00,31.15
75.0,100,16,44.00,60.0,90.00,1236.15,1205.00,31.15
75.0,100,16,44.00,60.0,90.00,1236.15,1205.00,31.15
76.0,100,15,46.67,60.0,87.22,1223.37,1192.45,30.92
76.0,100,15,46.67,60.0,87.22,1223.37,1192.45,30.92
76.0,100,15,46.67,60.0,87.22,1223.37,1192.45,30.92
76.0,100,15,46.67,60.0,87.22,1223.37,1192.45,30.92
77.0,100,14,51.43,60.0,83.33,1208.60,1178.00,30.60
77.0,100,15,46.67,60.0,87.22,1208.60,1178.00,30.60
77.0,100,15,46.67,60.0,87.22,1208.60,1178.00,30.60
78.0,100,14,61.67,60.0,82.22,1201.37,1170.98,30.39
78.0,100,15,44.00,60.0,90.00,1201.37,1170.98,30.39
78.0,100,15,44.00,60.0,90.00,1201.37,1170.98,30.39
78.0,100,15,44.00,60.0,90.00,1201.37,1170.98,30.39
78.0,100,15,44.00,60.0,90.00,1201.37,1170.98,30.39
78.0,100,15,44.00,60.0,90.00,1201.37,1170.98,30.39
78.0,100,15,44.00,60.0,90.00,1201.37,1170.98,30.39
78.0,100,15,44.00,60.0,90.00,1201.37,1170.98,30.39
78.0,100,15,44.00,60.0,90.00,1201.37,1170.98,30.39
78.0,100,15,44.00,60.0,90.00,1201.37,1170.98,30.39
78.0,100,15,44.00,60.0,90.00,1201.37,1170.98,30.39
78.0,100,15,44.00,60.0,90.00,1201.37,1170.98,30.39
78.0,100,15,44.00,60.0,90.00,1201.37,1170.98,30.39
78.0,100,15,44.00,60.0,90.00,1201.37,1170.98,30.39
79.0,100,14,56.00,60.0,86.67,1187.40,1157.21,30.19
79.0,100,15,44.00,60.0,90.00,1187.40,1157.21,30.19
79.0,100,15,44.00,60.0,90.00,1187.40,1157.21,30.19
79.0,100,15,44.00,60.0,90.00,1187.40,1157.21,30.19
80.0,100,14,68.00,30.0,83.33,1174.15,1144.25,29.91
80.0,100,15,47.50,30.0,91.11,1174.15,1144.25,29.91
80.0,100,15,47.50,30.0,91.11,1174.15,1144.25,29.91
80.0,100,15,47.50,30.0,91.11,1174.15,1144.25,29.91
80.0,100,15,47.50,30.0,91.11,1174.15,1144.25,29.91
80.0,100,15,47.50,30.0,91.11,1174.15,1144.25,29.91
81.0,100,14,80.00,30.0,83.89,1166.94,1137.13,29.81
81.0,100,15,45.00,30.0,91.67,1166.94,1137.13,29.81
81.0,100,15,45.00,30.0,91.67,1166.94,1137.13,29.81
81.0,100,15,45.00,30.0,91.67,1166.94,1137.13,29.81
81.0,100,15,45.00,30.0,91.67,1166.94,1137.13,29.81
81.0,100,15,45.00,30.0,91.67,1166.94,1137.13,29.81
81.0,100,15,45.00,30.0,91.67,1166.94,1137.13,29.81
81.0,100,15,45.00,30.0,91.67,1166.94,1137.13,29.81
81.0,100,15,45.00,30.0,91.67,1166.94,1137.13,29.81
81.0,100,15,45.00,30.0,91.67,1166.94,1137.13,29.81
82.0,100,14,52.00,30.0,87.78,1166.55,1136.64,29.91
82.0,100,14,52.00,30.0,87.78,1166.55,1136.64,29.91
82.0,100,14,52.00,30.0,87.78,1166.55,1136.64,29.91
82.0,100,14,52.00,30.0,87.78,1166.55,1136.64,29.91
82.0,100,14,52.00,30.0,87.78,1166.55,1136.64,29.91
82.0,100,14,52.00,30.0,87.78,1166.55,1136.64,29.91
82.0,100,14,52.00,30.0,87.78,1166.55,1136.64,29.91
82.0,100,14,52.00,30.0,87.78,1166.55,1136.64,29.91
83.0,100,13,56.67,30.0,83.89,1152.05,1122.41,29.64
84.0,100,12,81.67,30.0,75.56,1170.96,1141.05,29.91
84.0,100,13,58.00,30.0,86.11,1170.96,1141.05,29.91
85.0,100,12,73.33,30.0,78.33,1170.60,1140.95,29.66
85.0,100,13,53.33,60.0,85.00,1170.60,1140.95,29.66
85.0,100,13,53.33,60.0,85.00,1170.60,1140.95,29.66
85.0,100,13,53.33,60.0,85.00,1170.60,1140.95,29.66
86.0,100,12,83.33,60.0,75.00,1190.76,1160.76,30.00
86.0,100,14,48.33,80.0,86.67,1190.76,1160.76,30.00
86.0,100,14,48.33,80.0,86.67,1190.76,1160.76,30.00
86.0,100,14,48.33,80.0,86.67,1190.76,1160.76,30.00
86.0,100,14,48.33,80.0,86.67,1190.76,1160.76,30.00
86.0,100,14,48.33,80.0,86.67,1190.76,1160.76,30.00
87.0,100,13,74.00,80.0,81.67,1186.75,1156.67,30.08
87.0,100,14,36.00,100.0,92.22,1186.75,1156.67,30.08
87.0,100,14,36.00,100.0,92.22,1186.75,1156.67,30.08
87.0,100,14,36.00,100.0,92.22,1186.75,1156.67,30.08
88.0,100,13,70.00,50.0,86.11,1198.52,1168.28,30.25
89.0,100,13,86.67,20.0,87.22,1204.19,1173.79,30.40
89.0,100,14,50.00,20.0,95.56,1204.19,1173.79,30.40
90.0,100,13,73.33,20.0,89.44,1190.08,1160.08,30.00
90.0,100,13,73.33,20.0,89.44,1190.08,1160.08,30.00
90.0,100,13,73.33,20.0,89.44,1190.08,1160.08,30.00
90.0,100,13,73.33,20.0,89.44,1190.08,1160.08,30.00
91.0,100,12,103.33,20.0,84.44,1191.72,1161.48,30.23
91.0,100,13,56.67,50.0,92.22,1191.72,1161.48,30.23
91.0,100,13,56.67,50.0,92.22,1191.72,1161.48,30.23
91.0,100,13,56.67,50.0,92.22,1191.72,1161.48,30.23
91.0,100,13,56.67,50.0,92.22,1191.72,1161.48,30.23
91.0,100,13,56.67,50.0,92.22,1191.72,1161.48,30.23
91.0,100,13,56.67,50.0,92.22,1191.72,1161.48,30.23
91.0,100,13,56.67,50.0,92.22,1191.72,1161.48,30.23
91.0,100,13,56.67,50.0,92.22,1191.72,1161.48,30.23
91.0,100,13,56.67,50.0,92.22,1191.72,1161.48,30.23
91.0,100,13,56.67,50.0,92.22,1191.72,1161.48,30.23
91.0,100,13,56.67,50.0,92.22,1191.72,1161.48,30.23
92.0,100,12,62.50,50.0,88.33,1200.54,1169.92,30.62
92.0,100,12,62.50,50.0,88.33,1200.54,1169.92,30.62
92.0,100,12,62.50,50.0,88.33,1200.54,1169.92,30.62
92.0,100,12,62.50,50.0,88.33,1200.54,1169.92,30.62
92.0,100,12,62.50,50.0,88.33,1200.54,1169.92,30.62
92.0,100,12,62.50,50.0,88.33,1200.54,1169.92,30.62
92.0,100,12,62.50,50.0,88.33,1200.54,1169.92,30.62
92.0,100,12,62.50,50.0,88.33,1200.54,1169.92,30.62
92.0,100,12,62.50,50.0,88.33,1200.54,1169.92,30.62
92.0,100,12,62.50,50.0,88.33,1200.54,1169.92,30.62
92.0,100,12,62.50,50.0,88.33,1200.54,1169.92,30.62
92.0,100,12,62.50,50.0,88.33,1200.54,1169.92,30.62
92.0,100,12,62.50,50.0,88.33,1200.54,1169.92,30.62
92.0,100,12,62.50,50.0,88.33,1200.54,1169.92,30.62
92.0,100,12,62.50,50.0,88.33,1200.54,1169.92,30.62
92.0,100,12,62.50,50.0,88.33,1200.54,1169.92,30.62
92.0,100,12,62.50,50.0,88.33,1200.54,1169.92,30.62
92.0,100,12,62.50,50.0,88.33,1200.54,1169.92,30.62
92.0,100,12,62.50,50.0,88.33,1200.54,1169.92,30.62
92.0,100,12,62.50,50.0,88.33,1200.54,1169.92,30.62
93.0,100,11,80.00,50.0,80.00,1218.79,1188.41,30.38
93.0,100,12,62.50,50.0,87.78,1218.79,1188.41,30.38
93.0,100,12,62.50,50.0,87.78,1218.79,1188.41,30.38
93.0,100,12,62.50,50.0,87.78,1218.79,1188.41,30.38
93.0,100,12,62.50,50.0,87.78,1218.79,1188.41,30.38
93.0,100,12,62.50,50.0,87.78,1218.79,1188.41,30.38
93.0,100,12,62.50,50.0,87.78,1218.79,1188.41,30.38
93.0,100,12,62.50,50.0,87.78,1218.79,1188.41,30.38
93.0,100,12,62.50,50.0,87.78,1218.79,1188.41,30.38
93.0,100,12,62.50,50.0,87.78,1218.79,1188.41,30.38
93.0,100,12,62.50,50.0,87.78,1218.79,1188.41,30.38
94.0,100,11,76.00,50.0,81.11,1210.67,1180.37,30.30
94.0,100,11,76.00,50.0,81.11,1210.67,1180.37,30.30
94.0,100,11,76.00,50.0,81.11,1210.67,1180.37,30.30
94.0,100,11,76.00,50.0,81.11,1210.67,1180.37,30.30
94.0,100,11,76.00,50.0,81.11,1210.67,1180.37,30.30
94.0,100,11,76.00,50.0,81.11,1210.67,1180.37,30.30
94.0,100,11,76.00,50.0,81.11,1210.67,1180.37,30.30
95.0,100,10,104.00,20.0,73.33,1207.21,1176.84,30.37
95.0,100,10,104.00,20.0,73.33,1207.21,1176.84,30.37
95.0,100,10,104.00,20.0,73.33,1207.21,1176.84,30.37
95.0,100,10,104.00,20.0,73.33,1207.21,1176.84,30.37
95.0,100,10,104.00,20.0,73.33,1207.21,1176.84,30.37
95.0,100,10,104.00,20.0,73.33,1207.21,1176.84,30.37
96.0,100,9,134.00,20.0,65.00,1207.39,1177.10,30.29
96.0,100,10,92.00,20.0,76.67,1207.39,1177.10,30.29
96.0,100,10,92.00,20.0,76.67,1207.39,1177.10,30.29
97.0,100,9,150.00,20.0,68.33,1206.14,1175.50,30.64
98.0,100,9,132.50,20.0,72.22,1195.21,1164.65,30.56
99.0,100,10,52.50,70.0,90.00,1191.67,1160.76,30.90
99.0,100,11,22.50,90.0,96.67,1191.67,1160.76,30.90
99.0,100,11,22.50,90.0,96.67,1191.67,1160.76,30.90
99.0,100,11,22.50,90.0,96.67,1191.67,1160.76,30.90
99.0,100,11,22.50,90.0,96.67,1191.67,1160.76,30.90
99.0,100,11,22.50,90.0,96.67,1191.67,1160.76,30.90
99.0,100,11,22.50,90.0,96.67,1191.67,1160.76,30.90
99.0,100,11,22.50,90.0,96.67,1191.67,1160.76,30.90
99.0,100,11,22.50,90.0,96.67,1191.67,1160.76,30.90
99.0,100,11,22.50,90.0,96.67,1191.67,1160.76,30.90
99.0,100,11,22.50,90.0,96.67,1191.67,1160.76,30.90
99.0,100,11,22.50,90.0,96.67,1191.67,1160.76,30.90
99.0,100,11,22.50,90.0,96.67,1191.67,1160.76,30.90
99.0,100,11,22.50,90.0,96.67,1191.67,1160.76,30.90
99.0,100,11,22.50,90.0,96.67,1191.67,1160.76,30.90
100.0,100,10,48.00,90.0,88.89,1181.30,1150.55,30.75
100.0,100,10,48.00,90.0,88.89,1181.30,1150.55,30.75
100.0,100,10,48.00,90.0,88.89,1181.30,1150.55,30.75
100.0,100,10,48.00,90.0,88.89,1181.30,1150.55,30.75
100.0,100,10,48.00,90.0,88.89,1181.30,1150.55,30.75
100.0,100,10,48.00,90.0,88.89,1181.30,1150.55,30.75
100.0,100,10,48.00,90.0,88.89,1181.30,1150.55,30.75
100.0,100,10,48.00,90.0,88.89,1181.30,1150.55,30.75
100.0,100,10,48.00,90.0,88.89,1181.30,1150.55,30.75
100.0,100,10,48.00,90.0,88.89,1181.30,1150.55,30.75
101.0,100,9,60.00,70.0,85.56,1176.55,1145.47,31.08
101.0,100,9,60.00,70.0,85.56,1176.55,1145.47,31.08
102.0,100,8,75.00,70.0,77.78,1178.87,1147.47,31.40
103.0,100,7,108.00,50.0,72.22,1172.96,1141.38,31.58
103.0,100,8,64.00,90.0,84.44,1172.96,1141.38,31.58
103.0,100,8,64.00,90.0,84.44,1172.96,1141.38,31.58
103.0,100,8,64.00,90.0,84.44,1172.96,1141.38,31.58
103.0,100,8,64.00,90.0,84.44,1172.96,1141.38,31.58
103.0,100,8,64.00,90.0,84.44,1172.96,1141.38,31.58
104.0,100,7,102.00,60.0,73.89,1192.47,1160.65,31.82
104.0,100,8,62.00,80.0,85.00,1192.47,1160.65,31.82
104.0,100,8,62.00,80.0,85.00,1192.47,1160.65,31.82
104.0,100,8,62.00,80.0,85.00,1192.47,1160.65,31.82
104.0,100,8,62.00,80.0,85.00,1192.47,1160.65,31.82
105.0,100,7,82.00,80.0,79.44,1180.06,1148.40,31.67
105.0,100,8,57.50,80.0,88.89,1180.06,1148.40,31.67
105.0,100,8,57.50,80.0,88.89,1180.06,1148.40,31.67
105.0,100,8,57.50,80.0,88.89,1180.06,1148.40,31.67
105.0,100,8,57.50,80.0,88.89,1180.06,1148.40,31.67
105.0,100,8,57.50,80.0,88.89,1180.06,1148.40,31.67
105.0,100,8,57.50,80.0,88.89,1180.06,1148.40,31.67
105.0,100,8,57.50,80.0,88.89,1180.06,1148.40,31.67
105.0,100,8,57.50,80.0,88.89,1180.06,1148.40,31.67
105.0,100,8,57.50,80.0,88.89,1180.06,1148.40,31.67
106.0,100,7,105.00,60.0,78.33,1202.72,1170.76,31.96
106.0,100,8,57.50,80.0,88.89,1202.72,1170.76,31.96
106.0,100,8,57.50,80.0,88.89,1202.72,1170.76,31.96
106.0,100,8,57.50,80.0,88.89,1202.72,1170.76,31.96
106.0,100,8,57.50,80.0,88.89,1202.72,1170.76,31.96
107.0,100,7,127.50,80.0,73.33,1206.63,1174.69,31.94
107.0,100,9,26.67,80.0,96.67,1206.63,1174.69,31.94
107.0,100,9,26.67,80.0,96.67,1206.63,1174.69,31.94
107.0,100,9,26.67,80.0,96.67,1206.63,1174.69,31.94
107.0,100,9,26.67,80.0,96.67,1206.63,1174.69,31.94
107.0,100,9,26.67,80.0,96.67,1206.63,1174.69,31.94
107.0,100,9,26.67,80.0,96.67,1206.63,1174.69,31.94
108.0,100,8,75.00,80.0,85.00,1200.74,1168.77,31.98
108.0,100,9,26.67,80.0,96.67,1200.74,1168.77,31.98
108.0,100,9,26.67,80.0,96.67,1200.74,1168.77,31.98
108.0,100,9,26.67,80.0,96.67,1200.74,1168.77,31.98
109.0,100,8,52.50,80.0,90.00,1190.55,1158.54,32.01
109.0,100,8,52.50,80.0,90.00,1190.55,1158.54,32.01
109.0,100,8,52.50,80.0,90.00,1190.55,1158.54,32.01
110.0,100,7,105.00,60.0,78.33,1184.82,1152.71,32.11
110.0,100,9,30.00,90.0,96.11,1184.82,1152.71,32.11
110.0,100,9,30.00,90.0,96.11,1184.82,1152.71,32.11
110.0,100,9,30.00,90.0,96.11,1184.82,1152.71,32.11
110.0,100,9,30.00,90.0,96.11,1184.82,1152.71,32.11
110.0,100,9,30.00,90.0,96.11,1184.82,1152.71,32.11
110.0,100,9,30.00,90.0,96.11,1184.82,1152.71,32.11
110.0,100,9,30.00,90.0,96.11,1184.82,1152.71,32.11
110.0,100,9,30.00,90.0,96.11,1184.82,1152.71,32.11
110.0,100,9,30.00,90.0,96.11,1184.82,1152.71,32.11
110.0,100,9,30.00,90.0,96.11,1184.82,1152.71,32.11
110.0,100,9,30.00,90.0,96.11,1184.82,1152.71,32.11
110.0,100,9,30.00,90.0,96.11,1184.82,1152.71,32.11
110.0,100,9,30.00,90.0,96.11,1184.82,1152.71,32.11
110.0,100,9,30.00,90.0,96.11,1184.82,1152.71,32.11
110.0,100,9,30.00,90.0,96.11,1184.82,1152.71,32.11
110.0,100,9,30.00,90.0,96.11,1184.82,1152.71,32.11
110.0,100,9,30.00,90.0,96.11,1184.82,1152.71,32.11
110.0,100,9,30.00,90.0,96.11,1184.82,1152.71,32.11
111.0,100,8,103.33,50.0,83.89,1206.49,1174.35,32.14
111.0,100,9,23.33,70.0,97.22,1206.49,1174.35,32.14
111.0,100,9,23.33,70.0,97.22,1206.49,1174.35,32.14
111.0,100,9,23.33,70.0,97.22,1206.49,1174.35,32.14
111.0,100,9,23.33,70.0,97.22,1206.49,1174.35,32.14
111.0,100,9,23.33,70.0,97.22,1206.49,1174.35,32.14
111.0,100,9,23.33,70.0,97.22,1206.49,1174.35,32.14
111.0,100,9,23.33,70.0,97.22,1206.49,1174.35,32.14
111.0,100,9,23.33,70.0,97.22,1206.49,1174.35,32.14
111.0,100,9,23.33,70.0,97.22,1206.49,1174.35,32.14
111.0,100,9,23.33,70.0,97.22,1206.49,1174.35,32.14
111.0,100,9,23.33,70.0,97.22,1206.49,1174.35,32.14
111.0,100,9,23.33,70.0,97.22,1206.49,1174.35,32.14
111.0,100,9,23.33,70.0,97.22,1206.49,1174.35,32.14
111.0,100,9,23.33,70.0,97.22,1206.49,1174.35,32.14
111.0,100,9,23.33,70.0,97.22,1206.49,1174.35,32.14
111.0,100,9,23.33,70.0,97.22,1206.49,1174.35,32.14
111.0,100,9,23.33,70.0,97.22,1206.49,1174.35,32.14
111.0,100,9,23.33,70.0,97.22,1206.49,1174.35,32.14
111.0,100,9,23.33,70.0,97.22,1206.49,1174.35,32.14
111.0,100,9,23.33,70.0,97.22,1206.49,1174.35,32.14
111.0,100,9,23.33,70.0,97.22,1206.49,1174.35,32.14
112.0,100,8,80.00,50.0,87.78,1233.35,1201.12,32.24
112.0,100,9,25.00,50.0,97.78,1233.35,1201.12,32.24
112.0,100,9,25.00,50.0,97.78,1233.35,1201.12,32.24
112.0,100,9,25.00,50.0,97.78,1233.35,1201.12,32.24
113.0,100,8,75.00,20.0,92.22,1222.33,1190.17,32.15
114.0,100,8,155.00,0.0,83.33,1237.87,1205.92,31.95
114.0,100,9,55.00,0.0,94.44,1237.87,1205.92,31.95
114.0,100,9,55.00,0.0,94.44,1237.87,1205.92,31.95
115.0,100,8,113.33,0.0,82.22,1259.55,1227.56,31.99
115.0,100,9,43.33,20.0,93.89,1259.55,1227.56,31.99
115.0,100,9,43.33,20.0,93.89,1259.55,1227.56,31.99
115.0,100,9,43.33,20.0,93.89,1259.55,1227.56,31.99
115.0,100,9,43.33,20.0,93.89,1259.55,1227.56,31.99
116.0,100,8,70.00,20.0,89.44,1247.42,1215.73,31.69
116.0,100,9,46.67,20.0,93.33,1247.42,1215.73,31.69
116.0,100,9,46.67,20.0,93.33,1247.42,1215.73,31.69
116.0,100,9,46.67,20.0,93.33,1247.42,1215.73,31.69
117.0,100,8,116.67,0.0,81.67,1266.33,1234.94,31.39
117.0,100,9,60.00,0.0,93.89,1266.33,1234.94,31.39
117.0,100,9,60.00,0.0,93.89,1266.33,1234.94,31.39
117.0,100,9,60.00,0.0,93.89,1266.33,1234.94,31.39
118.0,100,8,116.67,0.0,81.67,1283.35,1251.92,31.43
118.0,100,10,55.00,0.0,95.00,1283.35,1251.92,31.43
118.0,100,10,55.00,0.0,95.00,1283.35,1251.92,31.43
118.0,100,10,55.00,0.0,95.00,1283.35,1251.92,31.43
119.0,100,9,106.67,0.0,83.89,1309.08,1277.50,31.58
119.0,100,10,43.33,20.0,94.44,1309.08,1277.50,31.58
119.0,100,10,43.33,20.0,94.44,1309.08,1277.50,31.58
120.0,100,9,106.67,20.0,83.89,1332.90,1301.13,31.77
121.0,100,9,87.50,20.0,82.78,1355.59,1323.51,32.07
122.0,100,9,113.33,20.0,82.78,1380.16,1348.37,31.79
122.0,100,10,36.67,40.0,95.56,1380.16,1348.37,31.79
122.0,100,10,36.67,40.0,95.56,1380.16,1348.37,31.79
123.0,100,9,80.00,40.0,84.44,1403.39,1371.77,31.61
123.0,100,11,26.67,80.0,97.22,1403.39,1371.77,31.61
123.0,100,11,26.67,80.0,97.22,1403.39,1371.77,31.61
123.0,100,11,26.67,80.0,97.22,1403.39,1371.77,31.61
123.0,100,11,26.67,80.0,97.22,1403.39,1371.77,31.61
124.0,100,10,67.50,80.0,87.22,1427.11,1395.77,31.34
124.0,100,11,25.00,100.0,96.67,1427.11,1395.77,31.34
124.0,100,11,25.00,100.0,96.67,1427.11,1395.77,31.34
124.0,100,11,25.00,100.0,96.67,1427.11,1395.77,31.34
124.0,100,11,25.00,100.0,96.67,1427.11,1395.77,31.34
124.0,100,11,25.00,100.0,96.67,1427.11,1395.77,31.34
124.0,100,11,25.00,100.0,96.67,1427.11,1395.77,31.34
124.0,100,11,25.00,100.0,96.67,1427.11,1395.77,31.34
124.0,100,11,25.00,100.0,96.67,1427.11,1395.77,31.34
124.0,100,11,25.00,100.0,96.67,1427.11,1395.77,31.34
124.0,100,11,25.00,100.0,96.67,1427.11,1395.77,31.34
124.0,100,11,25.00,100.0,96.67,1427.11,1395.77,31.34
124.0,100,11,25.00,100.0,96.67,1427.11,1395.77,31.34
124.0,100,11,25.00,100.0,96.67,1427.11,1395.77,31.34
125.0,100,10,37.50,60.0,93.33,1414.49,1383.32,31.17
125.0,100,11,20.00,60.0,98.33,1414.49,1383.32,31.17
125.0,100,11,20.00,60.0,98.33,1414.49,1383.32,31.17
125.0,100,11,20.00,60.0,98.33,1414.49,1383.32,31.17
126.0,100,10,90.00,40.0,86.67,1435.10,1403.69,31.41
126.0,100,11,20.00,40.0,98.89,1435.10,1403.69,31.41
126.0,100,11,20.00,40.0,98.89,1435.10,1403.69,31.41
127.0,100,10,76.67,40.0,88.89,1455.85,1424.45,31.40
128.0,100,10,76.67,40.0,88.89,1477.23,1446.04,31.19
128.0,100,11,20.00,40.0,98.89,1477.23,1446.04,31.19
128.0,100,11,20.00,40.0,98.89,1477.23,1446.04,31.19
128.0,100,11,20.00,40.0,98.89,1477.23,1446.04,31.19
128.0,100,11,20.00,40.0,98.89,1477.23,1446.04,31.19
128.0,100,11,20.00,40.0,98.89,1477.23,1446.04,31.19
128.0,100,11,20.00,40.0,98.89,1477.23,1446.04,31.19
128.0,100,11,20.00,40.0,98.89,1477.23,1446.04,31.19
129.0,100,10,115.00,20.0,88.33,1500.78,1469.71,31.08
129.0,100,11,30.00,60.0,97.78,1500.78,1469.71,31.08
129.0,100,11,30.00,60.0,97.78,1500.78,1469.71,31.08
129.0,100,11,30.00,60.0,97.78,1500.78,1469.71,31.08
129.0,100,11,30.00,60.0,97.78,1500.78,1469.71,31.08
129.0,100,11,30.00,60.0,97.78,1500.78,1469.71,31.08
129.0,100,11,30.00,60.0,97.78,1500.78,1469.71,31.08
129.0,100,11,30.00,60.0,97.78,1500.78,1469.71,31.08
129.0,100,11,30.00,60.0,97.78,1500.78,1469.71,31.08
129.0,100,11,30.00,60.0,97.78,1500.78,1469.71,31.08
129.0,100,11,30.00,60.0,97.78,1500.78,1469.71,31.08
129.0,100,11,30.00,60.0,97.78,1500.78,1469.71,31.08
129.0,100,11,30.00,60.0,97.78,1500.78,1469.71,31.08
129.0,100,11,30.00,60.0,97.78,1500.78,1469.71,31.08
129.0,100,11,30.00,60.0,97.78,1500.78,1469.71,31.08
129.0,100,11,30.00,60.0,97.78,1500.78,1469.71,31.08
129.0,100,11,30.00,60.0,97.78,1500.78,1469.71,31.08
129.0,100,11,30.00,60.0,97.78,1500.78,1469.71,31.08
130.0,100,10,46.67,60.0,93.89,1500.78,1469.71,31.08
130.0,100,11,30.00,90.0,96.67,1500.78,1469.71,31.08
130.0,100,11,30.00,90.0,96.67,1500.78,1469.71,31.08
130.0,100,11,30.00,90.0,96.67,1500.78,1469.71,31.08
130.0,100,11,30.00,90.0,96.67,1500.78,1469.71,31.08
130.0,100,11,30.00,90.0,96.67,1500.78,1469.71,31.08
130.0,100,11,30.00,90.0,96.67,1500.78,1469.71,31.08
130.0,100,11,30.00,90.0,96.67,1500.78,1469.71,31.08
130.0,100,11,30.00,90.0,96.67,1500.78,1469.71,31.08
130.0,100,11,30.00,90.0,96.67,1500.78,1469.71,31.08
130.0,100,11,30.00,90.0,96.67,1500.78,1469.71,31.08
130.0,100,11,30.00,90.0,96.67,1500.78,1469.71,31.08
130.0,100,11,30.00,90.0,96.67,1500.78,1469.71,31.08
130.0,100,11,30.00,90.0,96.67,1500.78,1469.71,31.08
130.0,100,11,30.00,90.0,96.67,1500.78,1469.71,31.08
130.0,100,11,30.00,90.0,96.67,1500.78,1469.71,31.08
131.0,100,10,103.33,50.0,84.44,1500.78,1469.71,31.08
132.0,100,11,80.00,50.0,88.33,1500.78,1469.71,31.08
132.0,100,12,25.00,50.0,98.33,1500.78,1469.71,31.08
132.0,100,12,25.00,50.0,98.33,1500.78,1469.71,31.08
132.0,100,12,25.00,50.0,98.33,1500.78,1469.71,31.08
133.0,100,11,46.67,50.0,93.33,1500.78,1469.71,31.08
133.0,100,12,26.67,80.0,96.67,1500.78,1469.71,31.08
133.0,100,12,26.67,80.0,96.67,1500.78,1469.71,31.08
133.0,100,12,26.67,80.0,96.67,1500.78,1469.71,31.08
133.0,100,12,26.67,80.0,96.67,1500.78,1469.71,31.08
133.0,100,12,26.67,80.0,96.67,1500.78,1469.71,31.08
133.0,100,12,26.67,80.0,96.67,1500.78,1469.71,31.08
133.0,100,12,26.67,80.0,96.67,1500.78,1469.71,31.08
133.0,100,12,26.67,80.0,96.67,1500.78,1469.71,31.08
133.0,100,12,26.67,80.0,96.67,1500.78,1469.71,31.08
133.0,100,12,26.67,80.0,96.67,1500.78,1469.71,31.08
133.0,100,12,26.67,80.0,96.67,1500.78,1469.71,31.08
133.0,100,12,26.67,80.0,96.67,1500.78,1469.71,31.08
133.0,100,12,26.67,80.0,96.67,1500.78,1469.71,31.08
134.0,100,11,65.00,80.0,87.22,1500.78,1469.71,31.08
134.0,100,12,25.00,100.0,96.11,1500.78,1469.71,31.08
134.0,100,12,25.00,100.0,96.11,1500.78,1469.71,31.08
134.0,100,12,25.00,100.0,96.11,1500.78,1469.71,31.08
134.0,100,12,25.00,100.0,96.11,1500.78,1469.71,31.08
134.0,100,12,25.00,100.0,96.11,1500.78,1469.71,31.08
134.0,100,12,25.00,100.0,96.11,1500.78,1469.71,31.08
134.0,100,12,25.00,100.0,96.11,1500.78,1469.71,31.08
135.0,100,11,70.00,80.0,86.11,1500.78,1469.71,31.08
135.0,100,12,26.67,80.0,96.67,1500.78,1469.71,31.08
135.0,100,12,26.67,80.0,96.67,1500.78,1469.71,31.08
135.0,100,12,26.67,80.0,96.67,1500.78,1469.71,31.08
135.0,100,12,26.67,80.0,96.67,1500.78,1469.71,31.08
136.0,100,11,37.50,80.0,93.33,1500.78,1469.71,31.08
136.0,100,12,26.67,80.0,96.67,1500.78,1469.71,31.08
137.0,100,11,65.00,80.0,87.22,1500.78,1469.71,31.08
137.0,100,12,26.67,80.0,96.67,1500.78,1469.71,31.08
137.0,100,12,26.67,80.0,96.67,1500.78,1469.71,31.08
137.0,100,12,26.67,80.0,96.67,1500.78,1469.71,31.08
137.0,100,12,26.67,80.0,96.67,1500.78,1469.71,31.08
137.0,100,12,26.67,80.0,96.67,1500.78,1469.71,31.08
137.0,100,12,26.67,80.0,96.67,1500.78,1469.71,31.08
137.0,100,12,26.67,80.0,96.67,1500.78,1469.71,31.08
137.0,100,12,26.67,80.0,96.67,1500.78,1469.71,31.08
137.0,100,12,26.67,80.0,96.67,1500.78,1469.71,31.08
137.0,100,12,26.67,80.0,96.67,1500.78,1469.71,31.08
137.0,100,12,26.67,80.0,96.67,1500.78,1469.71,31.08
137.0,100,12,26.67,80.0,96.67,1500.78,1469.71,31.08
137.0,100,12,26.67,80.0,96.67,1500.78,1469.71,31.08
137.0,100,12,26.67,80.0,96.67,1500.78,1469.71,31.08
137.0,100,12,26.67,80.0,96.67,1500.78,1469.71,31.08
137.0,100,12,26.67,80.0,96.67,1500.78,1469.71,31.08
137.0,100,12,26.67,80.0,96.67,1500.78,1469.71,31.08
138.0,100,11,80.00,80.0,83.89,1500.78,1469.71,31.08
138.0,100,12,25.00,100.0,96.11,1500.78,1469.71,31.08
138.0,100,12,25.00,100.0,96.11,1500.78,1469.71,31.08
138.0,100,12,25.00,100.0,96.11,1500.78,1469.71,31.08
138.0,100,12,25.00,100.0,96.11,1500.78,1469.71,31.08
138.0,100,12,25.00,100.0,96.11,1500.78,1469.71,31.08
138.0,100,12,25.00,100.0,96.11,1500.78,1469.71,31.08
138.0,100,12,25.00,100.0,96.11,1500.78,1469.71,31.08
138.0,100,12,25.00,100.0,96.11,1500.78,1469.71,31.08
138.0,100,12,25.00,100.0,96.11,1500.78,1469.71,31.08
138.0,100,12,25.00,100.0,96.11,1500.78,1469.71,31.08
138.0,100,12,25.00,100.0,96.11,1500.78,1469.71,31.08
138.0,100,12,25.00,100.0,96.11,1500.78,1469.71,31.08
138.0,100,12,25.00,100.0,96.11,1500.78,1469.71,31.08
138.0,100,12,25.00,100.0,96.11,1500.78,1469.71,31.08
139.0,100,11,65.00,80.0,87.22,1500.78,1469.71,31.08
139.0,100,12,25.00,100.0,96.11,1500.78,1469.71,31.08
139.0,100,12,25.00,100.0,96.11,1500.78,1469.71,31.08
139.0,100,12,25.00,100.0,96.11,1500.78,1469.71,31.08
139.0,100,12,25.00,100.0,96.11,1500.78,1469.71,31.08
139.0,100,12,25.00,100.0,96.11,1500.78,1469.71,31.08
139.0,100,12,25.00,100.0,96.11,1500.78,1469.71,31.08
140.0,100,11,70.00,70.0,86.11,1500.78,1469.71,31.08
140.0,100,12,25.00,100.0,96.11,1500.78,1469.71,31.08
140.0,100,12,25.00,100.0,96.11,1500.78,1469.71,31.08
140.0,100,12,25.00,100.0,96.11,1500.78,1469.71,31.08
140.0,100,12,25.00,100.0,96.11,1500.78,1469.71,31.08
140.0,100,12,25.00,100.0,96.11,1500.78,1469.71,31.08
141.0,100,11,40.00,70.0,92.78,1500.78,1469.71,31.08
141.0,100,11,40.00,70.0,92.78,1500.78,1469.71,31.08
141.0,100,11,40.00,70.0,92.78,1500.78,1469.71,31.08
141.0,100,11,40.00,70.0,92.78,1500.78,1469.71,31.08
141.0,100,11,40.00,70.0,92.78,1500.78,1469.71,31.08
141.0,100,11,40.00,70.0,92.78,1500.78,1469.71,31.08
141.0,100,11,40.00,70.0,92.78,1500.78,1469.71,31.08
141.0,100,11,40.00,70.0,92.78,1500.78,1469.71,31.08
141.0,100,11,40.00,70.0,92.78,1500.78,1469.71,31.08
141.0,100,11,40.00,70.0,92.78,1500.78,1469.71,31.08
142.0,100,10,44.00,70.0,90.00,1500.78,1469.71,31.08
142.0,100,10,44.00,70.0,90.00,1500.78,1469.71,31.08
143.0,100,9,107.50,50.0,77.78,1500.78,1469.71,31.08
143.0,100,10,42.50,80.0,92.22,1500.78,1469.71,31.08
143.0,100,10,42.50,80.0,92.22,1500.78,1469.71,31.08
144.0,100,9,74.00,80.0,81.67,1500.78,1469.71,31.08
144.0,100,11,25.00,100.0,96.11,1500.78,1469.71,31.08
144.0,100,11,25.00,100.0,96.11,1500.78,1469.71,31.08
144.0,100,11,25.00,100.0,96.11,1500.78,1469.71,31.08
144.0,100,11,25.00,100.0,96.11,1500.78,1469.71,31.08
144.0,100,11,25.00,100.0,96.11,1500.78,1469.71,31.08
144.0,100,11,25.00,100.0,96.11,1500.78,1469.71,31.08
144.0,100,11,25.00,100.0,96.11,1500.78,1469.71,31.08
144.0,100,11,25.00,100.0,96.11,1500.78,1469.71,31.08
144.0,100,11,25.00,100.0,96.11,1500.78,1469.71,31.08
144.0,100,11,25.00,100.0,96.11,1500.78,1469.71,31.08
145.0,100,10,42.50,80.0,92.22,1500.78,1469.71,31.08
145.0,100,11,30.00,120.0,95.00,1500.78,1469.71,31.08
145.0,100,11,30.00,120.0,95.00,1500.78,1469.71,31.08
145.0,100,11,30.00,120.0,95.00,1500.78,1469.71,31.08
145.0,100,11,30.00,120.0,95.00,1500.78,1469.71,31.08
145.0,100,11,30.00,120.0,95.00,1500.78,1469.71,31.08
145.0,100,11,30.00,120.0,95.00,1500.78,1469.71,31.08
145.0,100,11,30.00,120.0,95.00,1500.78,1469.71,31.08
145.0,100,11,30.00,120.0,95.00,1500.78,1469.71,31.08
145.0,100,11,30.00,120.0,95.00,1500.78,1469.71,31.08
145.0,100,11,30.00,120.0,95.00,1500.78,1469.71,31.08
145.0,100,11,30.00,120.0,95.00,1500.78,1469.71,31.08
145.0,100,11,30.00,120.0,95.00,1500.78,1469.71,31.08
145.0,100,11,30.00,120.0,95.00,1500.78,1469.71,31.08
145.0,100,11,30.00,120.0,95.00,1500.78,1469.71,31.08
145.0,100,11,30.00,120.0,95.00,1500.78,1469.71,31.08
146.0,100,10,56.67,70.0,91.67,1500.78,1469.71,31.08
146.0,100,11,35.00,70.0,97.22,1500.78,1469.71,31.08
147.0,100,10,165.00,40.0,82.78,1500.78,1469.71,31.08
148.0,100,11,110.00,40.0,88.89,1500.78,1469.71,31.08
149.0,100,11,60.00,40.0,94.44,1500.78,1469.71,31.08
149.0,100,11,60.00,40.0,94.44,1500.78,1469.71,31.08
149.0,100,11,60.00,40.0,94.44,1500.78,1469.71,31.08
149.0,100,11,60.00,40.0,94.44,1500.78,1469.71,31.08
149.0,100,11,60.00,40.0,94.44,1500.78,1469.71,31.08
149.0,100,11,60.00,40.0,94.44,1500.78,1469.71,31.08
150.0,100,10,116.67,40.0,82.22,1500.78,1469.71,31.08
150.0,100,11,46.67,60.0,93.89,1500.78,1469.71,31.08
150.0,100,11,46.67,60.0,93.89,1500.78,1469.71,31.08
151.0,100,10,80.00,40.0,88.33,1500.78,1469.71,31.08
151.0,100,11,60.00,40.0,94.44,1500.78,1469.71,31.08
151.0,100,11,60.00,40.0,94.44,1500.78,1469.71,31.08
151.0,100,11,60.00,40.0,94.44,1500.78,1469.71,31.08
151.0,100,11,60.00,40.0,94.44,1500.78,1469.71,31.08
152.0,100,10,150.00,0.0,84.44,1500.78,1469.71,31.08
152.0,100,12,80.00,0.0,96.11,1500.78,1469.71,31.08
152.0,100,12,80.00,0.0,96.11,1500.78,1469.71,31.08
152.0,100,12,80.00,0.0,96.11,1500.78,1469.71,31.08
152.0,100,12,80.00,0.0,96.11,1500.78,1469.71,31.08
152.0,100,12,80.00,0.0,96.11,1500.78,1469.71,31.08
152.0,100,12,80.00,0.0,96.11,1500.78,1469.71,31.08
152.0,100,12,80.00,0.0,96.11,1500.78,1469.71,31.08
152.0,100,12,80.00,0.0,96.11,1500.78,1469.71,31.08
152.0,100,12,80.00,0.0,96.11,1500.78,1469.71,31.08
152.0,100,12,80.00,0.0,96.11,1500.78,1469.71,31.08
152.0,100,12,80.00,0.0,96.11,1500.78,1469.71,31.08
152.0,100,12,80.00,0.0,96.11,1500.78,1469.71,31.08
152.0,100,12,80.00,0.0,96.11,1500.78,1469.71,31.08
153.0,100,11,140.00,0.0,85.56,1500.78,1469.71,31.08
153.0,100,12,60.00,40.0,94.44,1500.78,1469.71,31.08
153.0,100,12,60.00,40.0,94.44,1500.78,1469.71,31.08
153.0,100,12,60.00,40.0,94.44,1500.78,1469.71,31.08
153.0,100,12,60.00,40.0,94.44,1500.78,1469.71,31.08
153.0,100,12,60.00,40.0,94.44,1500.78,1469.71,31.08
153.0,100,12,60.00,40.0,94.44,1500.78,1469.71,31.08
153.0,100,12,60.00,40.0,94.44,1500.78,1469.71,31.08
153.0,100,12,60.00,40.0,94.44,1500.78,1469.71,31.08
153.0,100,12,60.00,40.0,94.44,1500.78,1469.71,31.08
153.0,100,12,60.00,40.0,94.44,1500.78,1469.71,31.08
153.0,100,12,60.00,40.0,94.44,1500.78,1469.71,31.08
153.0,100,12,60.00,40.0,94.44,1500.78,1469.71,31.08
153.0,100,12,60.00,40.0,94.44,1500.78,1469.71,31.08
153.0,100,12,60.00,40.0,94.44,1500.78,1469.71,31.08