0.0,0,1,1550.00,0.0,13.89,,,
0.0,0,2,1270.00,0.0,29.44,,,
0.0,0,3,1120.00,0.0,37.78,,,
1.0,0,2,690.00,0.0,23.89,,,
1.0,0,3,575.00,0.0,36.67,,,
1.0,0,4,475.00,0.0,47.78,,,
1.0,0,5,390.00,0.0,57.22,,,
1.0,0,6,280.00,0.0,69.44,,,
1.0,0,6,280.00,0.0,69.44,,,
1.0,0,7,155.00,0.0,83.33,,,
1.0,0,8,115.00,0.0,87.78,,,
1.0,0,9,65.00,0.0,93.33,,,
1.0,2,9,65.00,0.0,93.33,,,
1.0,2,9,65.00,0.0,93.33,,,
1.0,2,10,35.00,20.0,96.67,,,
1.0,2,10,35.00,20.0,96.67,,,
1.0,4,10,35.00,20.0,96.67,,,
2.0,4,9,53.33,20.0,92.22,,,
2.0,5,9,53.33,20.0,92.22,,,
2.0,5,10,35.00,20.0,96.67,,,
2.0,6,10,35.00,20.0,96.67,,,
2.0,7,10,35.00,20.0,96.67,,,
2.0,8,10,35.00,20.0,96.67,,,
2.0,10,10,35.00,20.0,96.67,,,
2.0,10,11,20.00,20.0,99.44,,,
2.0,11,11,20.00,20.0,99.44,,,
2.0,11,11,20.00,20.0,99.44,,,
2.0,13,11,20.00,20.0,99.44,,,
2.0,14,11,20.00,20.0,99.44,,,
2.0,15,11,20.00,20.0,99.44,,,
2.0,15,11,20.00,20.0,99.44,,,
2.0,16,11,20.00,20.0,99.44,,,
2.0,17,11,20.00,20.0,99.44,,,
2.0,18,11,20.00,20.0,99.44,,,
2.0,19,11,20.00,20.0,99.44,,,
3.0,20,10,115.00,20.0,88.33,,,
3.0,20,12,35.00,20.0,97.22,,,
3.0,20,12,35.00,20.0,97.22,,,
3.0,21,12,35.00,20.0,97.22,,,
3.0,22,12,35.00,20.0,97.22,,,
3.0,23,12,35.00,20.0,97.22,,,
4.0,23,11,103.33,20.0,84.44,,,
4.0,21,14,35.00,20.0,97.22,,,
5.0,21,13,76.67,20.0,88.89,,,
5.0,22,15,35.00,20.0,97.22,,,
5.0,23,15,35.00,20.0,97.22,,,
6.0,23,14,56.67,20.0,92.22,,,
6.0,23,15,36.67,60.0,95.56,,,
6.0,24,15,36.67,60.0,95.56,,,
6.0,25,15,36.67,60.0,95.56,,,
6.0,26,15,36.67,60.0,95.56,,,
6.0,26,15,36.67,60.0,95.56,,,
6.0,28,15,36.67,60.0,95.56,,,
6.0,28,15,36.67,60.0,95.56,,,
6.0,30,15,36.67,60.0,95.56,,,
6.0,31,15,36.67,60.0,95.56,,,
6.0,31,15,36.67,60.0,95.56,,,
6.0,32,15,36.67,60.0,95.56,,,
6.0,33,15,36.67,60.0,95.56,,,
6.0,33,15,36.67,60.0,95.56,,,
6.0,34,15,36.67,60.0,95.56,,,
7.0,35,14,56.67,20.0,92.22,,,
7.0,34,15,35.00,20.0,97.22,,,
7.0,36,15,35.00,20.0,97.22,,,
7.0,36,15,35.00,20.0,97.22,,,
7.0,37,15,35.00,20.0,97.22,,,
7.0,37,15,35.00,20.0,97.22,,,
7.0,39,15,35.00,20.0,97.22,,,
7.0,39,15,35.00,20.0,97.22,,,
7.0,41,15,35.00,20.0,97.22,,,
7.0,42,15,35.00,20.0,97.22,,,
7.0,42,15,35.00,20.0,97.22,,,
7.0,44,15,35.00,20.0,97.22,,,
7.0,46,15,35.00,20.0,97.22,,,
8.0,46,14,65.00,0.0,93.89,,,
8.0,46,15,50.00,0.0,97.78,,,
9.0,46,14,75.00,0.0,92.78,,,
9.0,46,15,35.00,20.0,97.22,,,
10.0,46,14,110.00,20.0,83.33,,,
10.0,46,15,40.00,20.0,95.00,,,
10.0,48,15,40.00,20.0,95.00,,,
11.0,48,14,52.50,20.0,90.56,,,
11.0,48,15,40.00,20.0,95.00,,,
11.0,50,15,40.00,20.0,95.00,,,
11.0,50,15,40.00,20.0,95.00,,,
11.0,51,15,40.00,20.0,95.00,,,
11.0,51,15,40.00,20.0,95.00,,,
11.0,52,15,40.00,20.0,95.00,,,
11.0,54,15,40.00,20.0,95.00,,,
11.0,54,15,40.00,20.0,95.00,,,
11.0,55,15,40.00,20.0,95.00,,,
11.0,56,15,40.00,20.0,95.00,,,
11.0,57,15,40.00,20.0,95.00,,,
11.0,59,15,40.00,20.0,95.00,,,
11.0,59,15,40.00,20.0,95.00,,,
11.0,60,15,40.00,20.0,95.00,,,
11.0,60,15,40.00,20.0,95.00,,,
11.0,63,15,40.00,20.0,95.00,,,
11.0,63,15,40.00,20.0,95.00,,,
11.0,64,15,40.00,20.0,95.00,,,
11.0,66,15,40.00,20.0,95.00,,,
11.0,66,15,40.00,20.0,95.00,,,
11.0,67,15,40.00,20.0,95.00,,,
11.0,68,15,40.00,20.0,95.00,,,
11.0,68,15,40.00,20.0,95.00,,,
11.0,69,15,40.00,20.0,95.00,,,
11.0,71,15,40.00,20.0,95.00,,,
11.0,72,15,40.00,20.0,95.00,,,
11.0,73,15,40.00,20.0,95.00,,,
12.0,74,14,102.50,20.0,79.44,,,
12.0,73,16,40.00,60.0,93.33,,,
12.0,75,16,40.00,60.0,93.33,,,
12.0,76,16,40.00,60.0,93.33,,,
13.0,76,15,52.00,60.0,88.33,,,
13.0,76,16,36.00,80.0,92.78,,,
13.0,77,16,36.00,80.0,92.78,,,
13.0,77,16,36.00,80.0,92.78,,,
13.0,78,16,36.00,80.0,92.78,,,
13.0,78,16,36.00,80.0,92.78,,,
13.0,80,16,36.00,80.0,92.78,,,
13.0,81,16,36.00,80.0,92.78,,,
13.0,81,16,36.00,80.0,92.78,,,
13.0,83,16,36.00,80.0,92.78,,,
13.0,84,16,36.00,80.0,92.78,,,
13.0,85,16,36.00,80.0,92.78,,,
13.0,86,16,36.00,80.0,92.78,,,
14.0,86,15,70.00,80.0,83.33,,,
14.0,86,16,32.00,110.0,93.89,,,
14.0,87,16,32.00,110.0,93.89,,,
14.0,89,16,32.00,110.0,93.89,,,
14.0,89,16,32.00,110.0,93.89,,,
14.0,90,16,32.00,110.0,93.89,,,
14.0,91,16,32.00,110.0,93.89,,,
14.0,91,16,32.00,110.0,93.89,,,
14.0,92,16,32.00,110.0,93.89,,,
14.0,93,16,32.00,110.0,93.89,,,
14.0,93,16,32.00,110.0,93.89,,,
14.0,95,16,32.00,110.0,93.89,,,
14.0,96,16,32.00,110.0,93.89,,,
14.0,97,16,32.00,110.0,93.89,,,
15.0,98,15,61.67,110.0,82.78,,,
16.0,98,16,42.00,70.0,91.11,,,
16.0,97,17,30.00,70.0,95.56,,,
16.0,99,17,30.00,70.0,95.56,,,
16.0,100,17,30.00,70.0,95.56,,,
16.0,100,17,30.00,70.0,95.56,,,
17.0,100,16,47.50,50.0,91.67,,,
17.0,100,17,32.50,80.0,95.00,,,
17.0,100,17,32.50,80.0,95.00,,,
18.0,100,16,44.00,80.0,90.56,,,
18.0,100,17,32.50,80.0,95.00,,,
18.0,100,17,32.50,80.0,95.00,,,
18.0,100,17,32.50,80.0,95.00,,,
18.0,100,17,32.50,80.0,95.00,,,
19.0,100,16,50.00,60.0,91.11,,,
19.0,100,17,37.50,100.0,93.89,,,
19.0,100,17,37.50,100.0,93.89,,,
19.0,100,17,37.50,100.0,93.89,,,
20.0,100,16,48.00,100.0,89.44,,,
20.0,100,17,36.00,130.0,92.78,,,
20.0,100,17,36.00,130.0,92.78,,,
21.0,100,16,48.33,130.0,87.22,,,
21.0,100,17,36.00,130.0,92.78,,,
21.0,100,17,36.00,130.0,92.78,,,
21.0,100,17,36.00,130.0,92.78,,,
22.0,100,16,80.00,100.0,80.56,,,
22.0,100,18,38.00,140.0,92.22,,,
22.0,100,18,38.00,140.0,92.22,,,
22.0,100,18,38.00,140.0,92.22,,,
23.0,100,17,46.00,140.0,89.44,,,
23.0,100,18,35.00,140.0,94.44,,,
23.0,100,18,35.00,140.0,94.44,,,
23.0,100,18,35.00,140.0,94.44,,,
23.0,100,18,35.00,140.0,94.44,,,
23.0,100,18,35.00,140.0,94.44,,,
23.0,100,18,35.00,140.0,94.44,,,
24.0,100,17,82.50,100.0,83.89,,,
24.0,100,19,35.00,140.0,94.44,,,
24.0,100,19,35.00,140.0,94.44,,,
25.0,100,18,46.00,140.0,90.00,,,
25.0,100,19,32.00,160.0,93.89,,,
25.0,100,19,32.00,160.0,93.89,,,
25.0,100,19,32.00,160.0,93.89,,,
25.0,100,19,32.00,160.0,93.89,,,
25.0,100,19,32.00,160.0,93.89,,,
25.0,100,19,32.00,160.0,93.89,,,
25.0,100,19,32.00,160.0,93.89,,,
25.0,100,19,32.00,160.0,93.89,,,
25.0,100,19,32.00,160.0,93.89,,,
26.0,100,18,36.67,160.0,91.11,,,
26.0,100,18,36.67,160.0,91.11,,,
26.0,100,18,36.67,160.0,91.11,,,
26.0,100,18,36.67,160.0,91.11,,,
26.0,100,18,36.67,160.0,91.11,,,
26.0,100,18,36.67,160.0,91.11,,,
27.0,100,17,45.00,120.0,88.33,,,
28.0,100,17,42.86,150.0,87.22,,,
28.0,100,18,35.00,150.0,91.67,,,
28.0,100,18,35.00,150.0,91.67,,,
28.0,100,18,35.00,150.0,91.67,,,
29.0,100,17,46.67,120.0,87.78,940.00,890.00,50.00
29.0,100,18,36.00,120.0,92.78,940.00,890.00,50.00
29.0,100,18,36.00,120.0,92.78,940.00,890.00,50.00
29.0,100,18,36.00,120.0,92.78,940.00,890.00,50.00
29.0,100,18,36.00,120.0,92.78,940.00,890.00,50.00
29.0,100,18,36.00,120.0,92.78,940.00,890.00,50.00
29.0,100,18,36.00,120.0,92.78,940.00,890.00,50.00
29.0,100,18,36.00,120.0,92.78,940.00,890.00,50.00
29.0,100,18,36.00,120.0,92.78,940.00,890.00,50.00
29.0,100,18,36.00,120.0,92.78,940.00,890.00,50.00
29.0,100,18,36.00,120.0,92.78,940.00,890.00,50.00
29.0,100,18,36.00,120.0,92.78,940.00,890.00,50.00
29.0,100,18,36.00,120.0,92.78,940.00,890.00,50.00
29.0,100,18,36.00,120.0,92.78,940.00,890.00,50.00
29.0,100,18,36.00,120.0,92.78,940.00,890.00,50.00
29.0,100,18,36.00,120.0,92.78,940.00,890.00,50.00
29.0,100,18,36.00,120.0,92.78,940.00,890.00,50.00
30.0,100,17,48.00,100.0,89.44,782.50,747.50,35.00
31.0,100,16,66.00,100.0,84.44,741.67,716.67,25.00
31.0,100,17,40.00,100.0,93.33,741.67,716.67,25.00
31.0,100,17,40.00,100.0,93.33,741.67,716.67,25.00
31.0,100,17,40.00,100.0,93.33,741.67,716.67,25.00
32.0,100,16,48.00,100.0,89.44,815.00,782.50,32.50
33.0,100,15,53.33,100.0,85.56,833.00,798.00,35.00
33.0,100,15,53.33,100.0,85.56,833.00,798.00,35.00
33.0,100,15,53.33,100.0,85.56,833.00,798.00,35.00
33.0,100,15,53.33,100.0,85.56,833.00,798.00,35.00
33.0,100,15,53.33,100.0,85.56,833.00,798.00,35.00
34.0,100,14,57.14,100.0,81.67,826.67,793.33,33.33
35.0,100,13,75.00,70.0,78.33,790.00,758.57,31.43
35.0,100,14,56.67,70.0,84.44,790.00,758.57,31.43
35.0,100,14,56.67,70.0,84.44,790.00,758.57,31.43
35.0,100,14,56.67,70.0,84.44,790.00,758.57,31.43
35.0,100,14,56.67,70.0,84.44,790.00,758.57,31.43
35.0,100,14,56.67,70.0,84.44,790.00,758.57,31.43
35.0,100,14,56.67,70.0,84.44,790.00,758.57,31.43
35.0,100,14,56.67,70.0,84.44,790.00,758.57,31.43
36.0,100,13,65.00,30.0,81.67,765.00,735.00,30.00
36.0,100,14,60.00,30.0,86.11,765.00,735.00,30.00
36.0,100,14,60.00,30.0,86.11,765.00,735.00,30.00
36.0,100,14,60.00,30.0,86.11,765.00,735.00,30.00
37.0,100,13,86.67,30.0,74.44,795.56,763.33,32.22
37.0,100,16,55.00,30.0,90.00,795.56,763.33,32.22
37.0,100,16,55.00,30.0,90.00,795.56,763.33,32.22
37.0,100,16,55.00,30.0,90.00,795.56,763.33,32.22
37.0,100,16,55.00,30.0,90.00,795.56,763.33,32.22
37.0,100,16,55.00,30.0,90.00,795.56,763.33,32.22
37.0,100,16,55.00,30.0,90.00,795.56,763.33,32.22
38.0,100,15,72.50,30.0,86.11,773.00,742.00,31.00
38.0,100,16,47.50,30.0,91.67,773.00,742.00,31.00
38.0,100,16,47.50,30.0,91.67,773.00,742.00,31.00
38.0,100,16,47.50,30.0,91.67,773.00,742.00,31.00
38.0,100,16,47.50,30.0,91.67,773.00,742.00,31.00
38.0,100,16,47.50,30.0,91.67,773.00,742.00,31.00
39.0,100,15,67.50,30.0,87.22,799.09,765.91,33.18
39.0,100,16,42.50,70.0,92.78,799.09,765.91,33.18
40.0,100,15,52.00,70.0,88.33,744.17,713.33,30.83
40.0,100,15,52.00,70.0,88.33,744.17,713.33,30.83
40.0,100,15,52.00,70.0,88.33,744.17,713.33,30.83
41.0,100,14,74.00,70.0,82.22,772.31,743.08,29.23
41.0,100,15,46.00,90.0,90.00,772.31,743.08,29.23
41.0,100,15,46.00,90.0,90.00,772.31,743.08,29.23
42.0,100,14,53.33,90.0,85.56,761.07,732.50,28.57
42.0,100,14,53.33,90.0,85.56,761.07,732.50,28.57
42.0,100,14,53.33,90.0,85.56,761.07,732.50,28.57
42.0,100,14,53.33,90.0,85.56,761.07,732.50,28.57
42.0,100,14,53.33,90.0,85.56,761.07,732.50,28.57
42.0,100,14,53.33,90.0,85.56,761.07,732.50,28.57
42.0,100,14,53.33,90.0,85.56,761.07,732.50,28.57
42.0,100,14,53.33,90.0,85.56,761.07,732.50,28.57
42.0,100,14,53.33,90.0,85.56,761.07,732.50,28.57
42.0,100,14,53.33,90.0,85.56,761.07,732.50,28.57
42.0,100,14,53.33,90.0,85.56,761.07,732.50,28.57
42.0,100,14,53.33,90.0,85.56,761.07,732.50,28.57
42.0,100,14,53.33,90.0,85.56,761.07,732.50,28.57
42.0,100,14,53.33,90.0,85.56,761.07,732.50,28.57
42.0,100,14,53.33,90.0,85.56,761.07,732.50,28.57
42.0,100,14,53.33,90.0,85.56,761.07,732.50,28.57
42.0,100,14,53.33,90.0,85.56,761.07,732.50,28.57
42.0,100,14,53.33,90.0,85.56,761.07,732.50,28.57
42.0,100,14,53.33,90.0,85.56,761.07,732.50,28.57
43.0,100,13,58.57,90.0,81.11,746.33,718.67,27.67
43.0,100,13,58.57,90.0,81.11,746.33,718.67,27.67
43.0,100,13,58.57,90.0,81.11,746.33,718.67,27.67
43.0,100,13,58.57,90.0,81.11,746.33,718.67,27.67
44.0,100,12,88.33,90.0,73.89,734.69,707.81,26.88
45.0,100,12,55.71,90.0,82.22,706.76,680.59,26.18
46.0,100,11,74.29,90.0,75.00,741.94,714.72,27.22
46.0,100,12,50.00,130.0,84.44,741.94,714.72,27.22
47.0,100,11,70.00,90.0,76.67,755.53,727.89,27.63
47.0,100,12,51.67,90.0,86.11,755.53,727.89,27.63
47.0,100,12,51.67,90.0,86.11,755.53,727.89,27.63
47.0,100,12,51.67,90.0,86.11,755.53,727.89,27.63
47.0,100,12,51.67,90.0,86.11,755.53,727.89,27.63
47.0,100,12,51.67,90.0,86.11,755.53,727.89,27.63
48.0,100,11,65.00,70.0,81.67,765.25,736.75,28.50
48.0,100,12,58.00,70.0,86.67,765.25,736.75,28.50
48.0,100,12,58.00,70.0,86.67,765.25,736.75,28.50
48.0,100,12,58.00,70.0,86.67,765.25,736.75,28.50
48.0,100,12,58.00,70.0,86.67,765.25,736.75,28.50
48.0,100,12,58.00,70.0,86.67,765.25,736.75,28.50
48.0,100,12,58.00,70.0,86.67,765.25,736.75,28.50
48.0,100,12,58.00,70.0,86.67,765.25,736.75,28.50
49.0,100,11,78.00,70.0,81.11,785.00,755.71,29.29
49.0,100,12,44.00,90.0,90.56,785.00,755.71,29.29
49.0,100,12,44.00,90.0,90.56,785.00,755.71,29.29
50.0,100,11,76.00,60.0,81.67,793.41,763.41,30.00
50.0,100,12,48.00,60.0,89.44,793.41,763.41,30.00
50.0,100,12,48.00,60.0,89.44,793.41,763.41,30.00
50.0,100,12,48.00,60.0,89.44,793.41,763.41,30.00
51.0,100,11,112.50,60.0,77.22,817.17,788.04,29.13
51.0,100,13,32.50,80.0,95.00,817.17,788.04,29.13
52.0,100,12,67.50,40.0,87.22,840.00,811.25,28.75
52.0,100,13,32.50,80.0,95.00,840.00,811.25,28.75
52.0,100,13,32.50,80.0,95.00,840.00,811.25,28.75
52.0,100,13,32.50,80.0,95.00,840.00,811.25,28.75
52.0,100,13,32.50,80.0,95.00,840.00,811.25,28.75
53.0,100,12,72.50,80.0,86.11,853.80,824.80,29.00
53.0,100,13,25.00,100.0,96.67,853.80,824.80,29.00
53.0,100,13,25.00,100.0,96.67,853.80,824.80,29.00
54.0,100,12,45.00,80.0,91.67,860.58,830.77,29.81
54.0,100,13,26.67,80.0,97.22,860.58,830.77,29.81
54.0,100,13,26.67,80.0,97.22,860.58,830.77,29.81
54.0,100,13,26.67,80.0,97.22,860.58,830.77,29.81
54.0,100,13,26.67,80.0,97.22,860.58,830.77,29.81
55.0,100,12,73.33,40.0,89.44,877.59,848.70,28.89
55.0,100,13,26.67,80.0,97.22,877.59,848.70,28.89
55.0,100,13,26.67,80.0,97.22,877.59,848.70,28.89
55.0,100,13,26.67,80.0,97.22,877.59,848.70,28.89
55.0,100,13,26.67,80.0,97.22,877.59,848.70,28.89
55.0,100,13,26.67,80.0,97.22,877.59,848.70,28.89
55.0,100,13,26.67,80.0,97.22,877.59,848.70,28.89
55.0,100,13,26.67,80.0,97.22,877.59,848.70,28.89
55.0,100,13,26.67,80.0,97.22,877.59,848.70,28.89
55.0,100,13,26.67,80.0,97.22,877.59,848.70,28.89
55.0,100,13,26.67,80.0,97.22,877.59,848.70,28.89
55.0,100,13,26.67,80.0,97.22,877.59,848.70,28.89
55.0,100,13,26.67,80.0,97.22,877.59,848.70,28.89
55.0,100,13,26.67,80.0,97.22,877.59,848.70,28.89
55.0,100,13,26.67,80.0,97.22,877.59,848.70,28.89
55.0,100,13,26.67,80.0,97.22,877.59,848.70,28.89
55.0,100,13,26.67,80.0,97.22,877.59,848.70,28.89
55.0,100,13,26.67,80.0,97.22,877.59,848.70,28.89
55.0,100,13,26.67,80.0,97.22,877.59,848.70,28.89
55.0,100,13,26.67,80.0,97.22,877.59,848.70,28.89
55.0,100,13,26.67,80.0,97.22,877.59,848.70,28.89
55.0,100,13,26.67,80.0,97.22,877.59,848.70,28.89
55.0,100,13,26.67,80.0,97.22,877.59,848.70,28.89
55.0,100,13,26.67,80.0,97.22,877.59,848.70,28.89
55.0,100,13,26.67,80.0,97.22,877.59,848.70,28.89
55.0,100,13,26.67,80.0,97.22,877.59,848.70,28.89
55.0,100,13,26.67,80.0,97.22,877.59,848.70,28.89
56.0,100,12,65.00,80.0,87.78,904.29,875.54,28.75
57.0,100,13,37.50,80.0,93.89,911.90,882.24,29.66
57.0,100,13,37.50,80.0,93.89,911.90,882.24,29.66
57.0,100,13,37.50,80.0,93.89,911.90,882.24,29.66
57.0,100,13,37.50,80.0,93.89,911.90,882.24,29.66
57.0,100,13,37.50,80.0,93.89,911.90,882.24,29.66
57.0,100,13,37.50,80.0,93.89,911.90,882.24,29.66
57.0,100,13,37.50,80.0,93.89,911.90,882.24,29.66
58.0,100,12,62.50,60.0,88.33,935.17,905.17,30.00
58.0,100,13,40.00,90.0,93.33,935.17,905.17,30.00
58.0,100,13,40.00,90.0,93.33,935.17,905.17,30.00
58.0,100,13,40.00,90.0,93.33,935.17,905.17,30.00
58.0,100,13,40.00,90.0,93.33,935.17,905.17,30.00
58.0,100,13,40.00,90.0,93.33,935.17,905.17,30.00
58.0,100,13,40.00,90.0,93.33,935.17,905.17,30.00
58.0,100,13,40.00,90.0,93.33,935.17,905.17,30.00
59.0,100,12,54.00,90.0,87.78,959.19,928.71,30.48
59.0,100,13,36.00,110.0,92.78,959.19,928.71,30.48
59.0,100,13,36.00,110.0,92.78,959.19,928.71,30.48
59.0,100,13,36.00,110.0,92.78,959.19,928.71,30.48
59.0,100,13,36.00,110.0,92.78,959.19,928.71,30.48
59.0,100,13,36.00,110.0,92.78,959.19,928.71,30.48
59.0,100,13,36.00,110.0,92.78,959.19,928.71,30.48
59.0,100,13,36.00,110.0,92.78,959.19,928.71,30.48
60.0,100,12,70.00,90.0,83.33,976.25,945.63,30.63
60.0,100,13,40.00,130.0,91.67,976.25,945.63,30.63
60.0,100,13,40.00,130.0,91.67,976.25,945.63,30.63
61.0,100,12,50.00,130.0,88.89,958.03,928.03,30.00
61.0,100,13,32.50,130.0,95.00,958.03,928.03,30.00
61.0,100,13,32.50,130.0,95.00,958.03,928.03,30.00
61.0,100,13,32.50,130.0,95.00,958.03,928.03,30.00
61.0,100,13,32.50,130.0,95.00,958.03,928.03,30.00
61.0,100,13,32.50,130.0,95.00,958.03,928.03,30.00
61.0,100,13,32.50,130.0,95.00,958.03,928.03,30.00
61.0,100,13,32.50,130.0,95.00,958.03,928.03,30.00
61.0,100,13,32.50,130.0,95.00,958.03,928.03,30.00
62.0,100,12,54.00,130.0,87.78,978.68,948.68,30.00
62.0,100,13,30.00,150.0,94.44,978.68,948.68,30.00
63.0,100,12,70.00,70.0,86.67,998.00,968.14,29.86
63.0,100,13,22.50,90.0,97.22,998.00,968.14,29.86
63.0,100,13,22.50,90.0,97.22,998.00,968.14,29.86
64.0,100,12,54.00,90.0,87.78,1011.25,981.25,30.00
64.0,100,13,22.00,110.0,96.67,1011.25,981.25,30.00
64.0,100,13,22.00,110.0,96.67,1011.25,981.25,30.00
65.0,100,12,43.33,110.0,88.89,1031.49,1001.35,30.14
65.0,100,13,22.00,110.0,96.67,1031.49,1001.35,30.14
66.0,100,12,40.00,90.0,91.11,1045.39,1015.26,30.13
66.0,100,13,22.50,90.0,96.67,1045.39,1015.26,30.13
66.0,100,13,22.50,90.0,96.67,1045.39,1015.26,30.13
66.0,100,13,22.50,90.0,96.67,1045.39,1015.26,30.13
66.0,100,13,22.50,90.0,96.67,1045.39,1015.26,30.13
66.0,100,13,22.50,90.0,96.67,1045.39,1015.26,30.13
66.0,100,13,22.50,90.0,96.67,1045.39,1015.26,30.13
66.0,100,13,22.50,90.0,96.67,1045.39,1015.26,30.13
66.0,100,13,22.50,90.0,96.67,1045.39,1015.26,30.13
66.0,100,13,22.50,90.0,96.67,1045.39,1015.26,30.13
66.0,100,13,22.50,90.0,96.67,1045.39,1015.26,30.13
66.0,100,13,22.50,90.0,96.67,1045.39,1015.26,30.13
67.0,100,12,45.00,70.0,91.67,1058.97,1028.46,30.51
67.0,100,13,23.33,70.0,97.22,1058.97,1028.46,30.51
67.0,100,13,23.33,70.0,97.22,1058.97,1028.46,30.51
67.0,100,13,23.33,70.0,97.22,1058.97,1028.46,30.51
67.0,100,13,23.33,70.0,97.22,1058.97,1028.46,30.51
67.0,100,13,23.33,70.0,97.22,1058.97,1028.46,30.51
67.0,100,13,23.33,70.0,97.22,1058.97,1028.46,30.51
67.0,100,13,23.33,70.0,97.22,1058.97,1028.46,30.51
67.0,100,13,23.33,70.0,97.22,1058.97,1028.46,30.51
67.0,100,13,23.33,70.0,97.22,1058.97,1028.46,30.51
67.0,100,13,23.33,70.0,97.22,1058.97,1028.46,30.51
68.0,100,12,86.67,50.0,86.67,1080.00,1049.25,30.75
68.0,100,13,23.33,70.0,97.22,1080.00,1049.25,30.75
68.0,100,13,23.33,70.0,97.22,1080.00,1049.25,30.75
68.0,100,13,23.33,70.0,97.22,1080.00,1049.25,30.75
68.0,100,13,23.33,70.0,97.22,1080.00,1049.25,30.75
68.0,100,13,23.33,70.0,97.22,1080.00,1049.25,30.75
68.0,100,13,23.33,70.0,97.22,1080.00,1049.25,30.75
68.0,100,13,23.33,70.0,97.22,1080.00,1049.25,30.75
68.0,100,13,23.33,70.0,97.22,1080.00,1049.25,30.75
68.0,100,13,23.33,70.0,97.22,1080.00,1049.25,30.75
68.0,100,13,23.33,70.0,97.22,1080.00,1049.25,30.75
68.0,100,13,23.33,70.0,97.22,1080.00,1049.25,30.75
68.0,100,13,23.33,70.0,97.22,1080.00,1049.25,30.75
68.0,100,13,23.33,70.0,97.22,1080.00,1049.25,30.75
68.0,100,13,23.33,70.0,97.22,1080.00,1049.25,30.75
68.0,100,13,23.33,70.0,97.22,1080.00,1049.25,30.75
68.0,100,13,23.33,70.0,97.22,1080.00,1049.25,30.75
68.0,100,13,23.33,70.0,97.22,1080.00,1049.25,30.75
69.0,100,12,67.50,70.0,86.67,1101.22,1070.00,31.22
69.0,100,13,23.33,70.0,97.22,1101.22,1070.00,31.22
69.0,100,13,23.33,70.0,97.22,1101.22,1070.00,31.22
69.0,100,13,23.33,70.0,97.22,1101.22,1070.00,31.22
69.0,100,13,23.33,70.0,97.22,1101.22,1070.00,31.22
69.0,100,13,23.33,70.0,97.22,1101.22,1070.00,31.22
69.0,100,13,23.33,70.0,97.22,1101.22,1070.00,31.22
69.0,100,13,23.33,70.0,97.22,1101.22,1070.00,31.22
69.0,100,13,23.33,70.0,97.22,1101.22,1070.00,31.22
69.0,100,13,23.33,70.0,97.22,1101.22,1070.00,31.22
69.0,100,13,23.33,70.0,97.22,1101.22,1070.00,31.22
69.0,100,13,23.33,70.0,97.22,1101.22,1070.00,31.22
70.0,100,12,75.00,20.0,92.22,1092.62,1061.31,31.31
70.0,100,13,20.00,20.0,98.89,1092.62,1061.31,31.31
70.0,100,13,20.00,20.0,98.89,1092.62,1061.31,31.31
70.0,100,13,20.00,20.0,98.89,1092.62,1061.31,31.31
70.0,100,13,20.00,20.0,98.89,1092.62,1061.31,31.31
70.0,100,13,20.00,20.0,98.89,1092.62,1061.31,31.31
70.0,100,13,20.00,20.0,98.89,1092.62,1061.31,31.31
70.0,100,13,20.00,20.0,98.89,1092.62,1061.31,31.31
70.0,100,13,20.00,20.0,98.89,1092.62,1061.31,31.31
70.0,100,13,20.00,20.0,98.89,1092.62,1061.31,31.31
70.0,100,13,20.00,20.0,98.89,1092.62,1061.31,31.31
70.0,100,13,20.00,20.0,98.89,1092.62,1061.31,31.31
70.0,100,13,20.00,20.0,98.89,1092.62,1061.31,31.31
70.0,100,13,20.00,20.0,98.89,1092.62,1061.31,31.31
70.0,100,13,20.00,20.0,98.89,1092.62,1061.31,31.31
71.0,100,12,75.00,20.0,92.22,1110.70,1079.42,31.28
72.0,100,12,100.00,30.0,89.44,1126.82,1095.45,31.36
72.0,100,13,30.00,30.0,98.33,1126.82,1095.45,31.36
72.0,100,13,30.00,30.0,98.33,1126.82,1095.45,31.36
72.0,100,13,30.00,30.0,98.33,1126.82,1095.45,31.36
72.0,100,13,30.00,30.0,98.33,1126.82,1095.45,31.36
72.0,100,13,30.00,30.0,98.33,1126.82,1095.45,31.36
72.0,100,13,30.00,30.0,98.33,1126.82,1095.45,31.36
72.0,100,13,30.00,30.0,98.33,1126.82,1095.45,31.36
73.0,100,12,70.00,30.0,92.78,1140.89,1109.67,31.22
74.0,100,12,75.00,20.0,92.22,1154.78,1123.59,31.20
74.0,100,13,20.00,20.0,99.44,1154.78,1123.59,31.20
74.0,100,13,20.00,20.0,99.44,1154.78,1123.59,31.20
74.0,100,13,20.00,20.0,99.44,1154.78,1123.59,31.20
74.0,100,13,20.00,20.0,99.44,1154.78,1123.59,31.20
74.0,100,13,20.00,20.0,99.44,1154.78,1123.59,31.20
74.0,100,13,20.00,20.0,99.44,1154.78,1123.59,31.20
75.0,100,12,70.00,20.0,93.33,1172.77,1141.38,31.38
75.0,100,13,30.00,60.0,97.78,1172.77,1141.38,31.38
76.0,100,12,75.00,40.0,92.78,1188.44,1156.77,31.67
76.0,100,13,45.00,40.0,96.11,1188.44,1156.77,31.67
76.0,100,13,45.00,40.0,96.11,1188.44,1156.77,31.67
76.0,100,13,45.00,40.0,96.11,1188.44,1156.77,31.67
76.0,100,13,45.00,40.0,96.11,1188.44,1156.77,31.67
76.0,100,13,45.00,40.0,96.11,1188.44,1156.77,31.67
77.0,100,12,96.67,40.0,85.56,1207.96,1176.53,31.43
77.0,100,13,50.00,40.0,93.33,1207.96,1176.53,31.43
78.0,100,12,80.00,40.0,84.44,1208.50,1177.50,31.00
78.0,100,13,45.00,70.0,92.22,1208.50,1177.50,31.00
79.0,100,12,62.00,70.0,85.56,1226.67,1195.20,31.47
79.0,100,13,45.00,70.0,92.22,1226.67,1195.20,31.47
79.0,100,13,45.00,70.0,92.22,1226.67,1195.20,31.47
79.0,100,13,45.00,70.0,92.22,1226.67,1195.20,31.47
79.0,100,13,45.00,70.0,92.22,1226.67,1195.20,31.47
79.0,100,13,45.00,70.0,92.22,1226.67,1195.20,31.47
79.0,100,13,45.00,70.0,92.22,1226.67,1195.20,31.47
80.0,100,12,62.00,70.0,85.00,1238.37,1207.31,31.06
80.0,100,13,45.00,70.0,92.22,1238.37,1207.31,31.06
80.0,100,13,45.00,70.0,92.22,1238.37,1207.31,31.06
80.0,100,13,45.00,70.0,92.22,1238.37,1207.31,31.06
80.0,100,13,45.00,70.0,92.22,1238.37,1207.31,31.06
80.0,100,13,45.00,70.0,92.22,1238.37,1207.31,31.06
80.0,100,13,45.00,70.0,92.22,1238.37,1207.31,31.06
80.0,100,13,45.00,70.0,92.22,1238.37,1207.31,31.06
80.0,100,13,45.00,70.0,92.22,1238.37,1207.31,31.06
80.0,100,13,45.00,70.0,92.22,1238.37,1207.31,31.06
80.0,100,13,45.00,70.0,92.22,1238.37,1207.31,31.06
80.0,100,13,45.00,70.0,92.22,1238.37,1207.31,31.06
80.0,100,13,45.00,70.0,92.22,1238.37,1207.31,31.06
80.0,100,13,45.00,70.0,92.22,1238.37,1207.31,31.06
80.0,100,13,45.00,70.0,92.22,1238.37,1207.31,31.06
80.0,100,13,45.00,70.0,92.22,1238.37,1207.31,31.06
80.0,100,13,45.00,70.0,92.22,1238.37,1207.31,31.06
80.0,100,13,45.00,70.0,92.22,1238.37,1207.31,31.06
80.0,100,13,45.00,70.0,92.22,1238.37,1207.31,31.06
80.0,100,13,45.00,70.0,92.22,1238.37,1207.31,31.06
80.0,100,13,45.00,70.0,92.22,1238.37,1207.31,31.06
80.0,100,13,45.00,70.0,92.22,1238.37,1207.31,31.06
80.0,100,13,45.00,70.0,92.22,1238.37,1207.31,31.06
80.0,100,13,45.00,70.0,92.22,1238.37,1207.31,31.06
80.0,100,13,45.00,70.0,92.22,1238.37,1207.31,31.06
81.0,100,12,56.00,70.0,87.22,1234.91,1204.06,30.85
81.0,100,12,56.00,70.0,87.22,1234.91,1204.06,30.85
81.0,100,12,56.00,70.0,87.22,1234.91,1204.06,30.85
81.0,100,12,56.00,70.0,87.22,1234.91,1204.06,30.85
82.0,100,11,76.00,70.0,81.67,1239.35,1208.61,30.74
82.0,100,12,55.00,70.0,90.00,1239.35,1208.61,30.74
83.0,100,11,133.33,40.0,79.44,1260.27,1229.09,31.18
83.0,100,12,56.67,40.0,92.22,1260.27,1229.09,31.18
83.0,100,12,56.67,40.0,92.22,1260.27,1229.09,31.18
84.0,100,11,85.00,40.0,83.33,1279.29,1247.68,31.61
84.0,100,12,56.67,40.0,92.22,1279.29,1247.68,31.61
84.0,100,12,56.67,40.0,92.22,1279.29,1247.68,31.61
85.0,100,11,103.33,0.0,84.44,1296.67,1264.65,32.02
85.0,100,12,50.00,20.0,93.33,1296.67,1264.65,32.02
85.0,100,12,50.00,20.0,93.33,1296.67,1264.65,32.02
85.0,100,12,50.00,20.0,93.33,1296.67,1264.65,32.02
85.0,100,12,50.00,20.0,93.33,1296.67,1264.65,32.02
85.0,100,12,50.00,20.0,93.33,1296.67,1264.65,32.02
85.0,100,12,50.00,20.0,93.33,1296.67,1264.65,32.02
85.0,100,12,50.00,20.0,93.33,1296.67,1264.65,32.02
85.0,100,12,50.00,20.0,93.33,1296.67,1264.65,32.02
85.0,100,12,50.00,20.0,93.33,1296.67,1264.65,32.02
85.0,100,12,50.00,20.0,93.33,1296.67,1264.65,32.02
86.0,100,11,113.33,20.0,82.78,1311.64,1279.31,32.33
86.0,100,12,63.33,20.0,91.11,1311.64,1279.31,32.33
87.0,100,11,80.00,20.0,83.89,1309.66,1277.54,32.12
87.0,100,12,63.33,20.0,90.56,1309.66,1277.54,32.12
87.0,100,12,63.33,20.0,90.56,1309.66,1277.54,32.12
88.0,100,11,87.50,20.0,82.22,1324.08,1292.33,31.75
88.0,100,12,63.33,20.0,90.56,1324.08,1292.33,31.75
88.0,100,12,63.33,20.0,90.56,1324.08,1292.33,31.75
89.0,100,11,80.00,20.0,83.89,1319.67,1288.03,31.64
90.0,100,11,75.00,20.0,85.00,1312.66,1281.05,31.61
90.0,100,11,75.00,20.0,85.00,1312.66,1281.05,31.61
90.0,100,11,75.00,20.0,85.00,1312.66,1281.05,31.61
90.0,100,11,75.00,20.0,85.00,1312.66,1281.05,31.61
90.0,100,11,75.00,20.0,85.00,1312.66,1281.05,31.61
90.0,100,11,75.00,20.0,85.00,1312.66,1281.05,31.61
90.0,100,11,75.00,20.0,85.00,1312.66,1281.05,31.61
91.0,100,10,110.00,0.0,77.22,1326.11,1294.52,31.59
91.0,100,12,70.00,40.0,89.44,1326.11,1294.52,31.59
91.0,100,12,70.00,40.0,89.44,1326.11,1294.52,31.59
91.0,100,12,70.00,40.0,89.44,1326.11,1294.52,31.59
91.0,100,12,70.00,40.0,89.44,1326.11,1294.52,31.59
92.0,100,11,95.00,40.0,80.56,1340.00,1308.67,31.33
92.0,100,12,70.00,40.0,89.44,1340.00,1308.67,31.33
92.0,100,12,70.00,40.0,89.44,1340.00,1308.67,31.33
92.0,100,12,70.00,40.0,89.44,1340.00,1308.67,31.33
92.0,100,12,70.00,40.0,89.44,1340.00,1308.67,31.33
92.0,100,12,70.00,40.0,89.44,1340.00,1308.67,31.33
92.0,100,12,70.00,40.0,89.44,1340.00,1308.67,31.33
92.0,100,12,70.00,40.0,89.44,1340.00,1308.67,31.33
92.0,100,12,70.00,40.0,89.44,1340.00,1308.67,31.33
92.0,100,12,70.00,40.0,89.44,1340.00,1308.67,31.33
92.0,100,12,70.00,40.0,89.44,1340.00,1308.67,31.33
92.0,100,12,70.00,40.0,89.44,1340.00,1308.67,31.33
92.0,100,12,70.00,40.0,89.44,1340.00,1308.67,31.33
92.0,100,12,70.00,40.0,89.44,1340.00,1308.67,31.33
92.0,100,12,70.00,40.0,89.44,1340.00,1308.67,31.33
92.0,100,12,70.00,40.0,89.44,1340.00,1308.67,31.33
92.0,100,12,70.00,40.0,89.44,1340.00,1308.67,31.33
93.0,100,11,110.00,40.0,82.78,1354.54,1322.85,31.69
93.0,100,12,46.67,60.0,93.33,1354.54,1322.85,31.69
93.0,100,12,46.67,60.0,93.33,1354.54,1322.85,31.69
93.0,100,12,46.67,60.0,93.33,1354.54,1322.85,31.69
93.0,100,12,46.67,60.0,93.33,1354.54,1322.85,31.69
93.0,100,12,46.67,60.0,93.33,1354.54,1322.85,31.69
93.0,100,12,46.67,60.0,93.33,1354.54,1322.85,31.69
93.0,100,12,46.67,60.0,93.33,1354.54,1322.85,31.69
94.0,100,11,66.67,60.0,90.00,1350.30,1318.41,31.89
94.0,100,12,30.00,90.0,96.11,1350.30,1318.41,31.89
94.0,100,12,30.00,90.0,96.11,1350.30,1318.41,31.89
94.0,100,12,30.00,90.0,96.11,1350.30,1318.41,31.89
94.0,100,12,30.00,90.0,96.11,1350.30,1318.41,31.89
94.0,100,12,30.00,90.0,96.11,1350.30,1318.41,31.89
94.0,100,12,30.00,90.0,96.11,1350.30,1318.41,31.89
94.0,100,12,30.00,90.0,96.11,1350.30,1318.41,31.89
94.0,100,12,30.00,90.0,96.11,1350.30,1318.41,31.89
94.0,100,12,30.00,90.0,96.11,1350.30,1318.41,31.89
94.0,100,12,30.00,90.0,96.11,1350.30,1318.41,31.89
94.0,100,12,30.00,90.0,96.11,1350.30,1318.41,31.89
94.0,100,12,30.00,90.0,96.11,1350.30,1318.41,31.89
94.0,100,12,30.00,90.0,96.11,1350.30,1318.41,31.89
94.0,100,12,30.00,90.0,96.11,1350.30,1318.41,31.89
95.0,100,11,55.00,90.0,89.44,1348.66,1316.87,31.79
95.0,100,12,30.00,90.0,96.11,1348.66,1316.87,31.79
95.0,100,12,30.00,90.0,96.11,1348.66,1316.87,31.79
96.0,100,11,50.00,90.0,90.56,1333.24,1301.62,31.62
96.0,100,12,30.00,120.0,95.00,1333.24,1301.62,31.62
96.0,100,12,30.00,120.0,95.00,1333.24,1301.62,31.62
96.0,100,12,30.00,120.0,95.00,1333.24,1301.62,31.62
96.0,100,12,30.00,120.0,95.00,1333.24,1301.62,31.62
96.0,100,12,30.00,120.0,95.00,1333.24,1301.62,31.62
96.0,100,12,30.00,120.0,95.00,1333.24,1301.62,31.62
96.0,100,12,30.00,120.0,95.00,1333.24,1301.62,31.62
96.0,100,12,30.00,120.0,95.00,1333.24,1301.62,31.62
96.0,100,12,30.00,120.0,95.00,1333.24,1301.62,31.62
96.0,100,12,30.00,120.0,95.00,1333.24,1301.62,31.62
96.0,100,12,30.00,120.0,95.00,1333.24,1301.62,31.62
96.0,100,12,30.00,120.0,95.00,1333.24,1301.62,31.62
96.0,100,12,30.00,120.0,95.00,1333.24,1301.62,31.62
96.0,100,12,30.00,120.0,95.00,1333.24,1301.62,31.62
97.0,100,11,72.00,120.0,82.22,1350.80,1319.06,31.74
97.0,100,12,28.00,140.0,94.44,1350.80,1319.06,31.74
97.0,100,12,28.00,140.0,94.44,1350.80,1319.06,31.74
97.0,100,12,28.00,140.0,94.44,1350.80,1319.06,31.74
98.0,100,11,58.00,110.0,86.11,1358.71,1326.93,31.79
98.0,100,12,30.00,150.0,93.89,1358.71,1326.93,31.79
99.0,100,11,46.67,150.0,87.22,1351.55,1320.07,31.48
99.0,100,12,30.00,150.0,93.89,1351.55,1320.07,31.48
99.0,100,12,30.00,150.0,93.89,1351.55,1320.07,31.48
99.0,100,12,30.00,150.0,93.89,1351.55,1320.07,31.48
100.0,100,11,60.00,110.0,85.56,1356.60,1325.07,31.53
101.0,100,11,55.00,110.0,84.44,1374.59,1342.67,31.92
101.0,100,12,36.00,110.0,92.22,1374.59,1342.67,31.92
101.0,100,12,36.00,110.0,92.22,1374.59,1342.67,31.92
101.0,100,12,36.00,110.0,92.22,1374.59,1342.67,31.92
101.0,100,12,36.00,110.0,92.22,1374.59,1342.67,31.92
101.0,100,12,36.00,110.0,92.22,1374.59,1342.67,31.92
101.0,100,12,36.00,110.0,92.22,1374.59,1342.67,31.92
101.0,100,12,36.00,110.0,92.22,1374.59,1342.67,31.92
101.0,100,12,36.00,110.0,92.22,1374.59,1342.67,31.92
101.0,100,12,36.00,110.0,92.22,1374.59,1342.67,31.92
101.0,100,12,36.00,110.0,92.22,1374.59,1342.67,31.92
101.0,100,12,36.00,110.0,92.22,1374.59,1342.67,31.92
101.0,100,12,36.00,110.0,92.22,1374.59,1342.67,31.92
101.0,100,12,36.00,110.0,92.22,1374.59,1342.67,31.92
102.0,100,11,56.00,90.0,86.67,1372.30,1340.27,32.03
102.0,100,13,30.00,90.0,96.11,1372.30,1340.27,32.03
103.0,100,12,66.67,70.0,90.00,1367.00,1335.07,31.93
103.0,100,13,35.00,70.0,96.67,1367.00,1335.07,31.93
103.0,100,13,35.00,70.0,96.67,1367.00,1335.07,31.93
103.0,100,13,35.00,70.0,96.67,1367.00,1335.07,31.93
103.0,100,13,35.00,70.0,96.67,1367.00,1335.07,31.93
103.0,100,13,35.00,70.0,96.67,1367.00,1335.07,31.93
103.0,100,13,35.00,70.0,96.67,1367.00,1335.07,31.93
103.0,100,13,35.00,70.0,96.67,1367.00,1335.07,31.93
103.0,100,13,35.00,70.0,96.67,1367.00,1335.07,31.93
103.0,100,13,35.00,70.0,96.67,1367.00,1335.07,31.93
103.0,100,13,35.00,70.0,96.67,1367.00,1335.07,31.93
103.0,100,13,35.00,70.0,96.67,1367.00,1335.07,31.93
103.0,100,13,35.00,70.0,96.67,1367.00,1335.07,31.93
103.0,100,13,35.00,70.0,96.67,1367.00,1335.07,31.93
104.0,100,12,105.00,30.0,88.89,1367.24,1335.53,31.71
104.0,100,13,35.00,70.0,96.67,1367.24,1335.53,31.71
104.0,100,13,35.00,70.0,96.67,1367.24,1335.53,31.71
104.0,100,13,35.00,70.0,96.67,1367.24,1335.53,31.71
105.0,100,12,66.67,70.0,90.00,1365.32,1333.44,31.88
105.0,100,13,33.33,100.0,95.56,1365.32,1333.44,31.88
105.0,100,13,33.33,100.0,95.56,1365.32,1333.44,31.88
105.0,100,13,33.33,100.0,95.56,1365.32,1333.44,31.88
105.0,100,13,33.33,100.0,95.56,1365.32,1333.44,31.88
105.0,100,13,33.33,100.0,95.56,1365.32,1333.44,31.88
105.0,100,13,33.33,100.0,95.56,1365.32,1333.44,31.88
105.0,100,13,33.33,100.0,95.56,1365.32,1333.44,31.88
105.0,100,13,33.33,100.0,95.56,1365.32,1333.44,31.88
105.0,100,13,33.33,100.0,95.56,1365.32,1333.44,31.88
106.0,100,12,86.67,70.0,86.67,1376.15,1343.91,32.24
106.0,100,13,35.00,70.0,96.67,1376.15,1343.91,32.24
106.0,100,13,35.00,70.0,96.67,1376.15,1343.91,32.24
106.0,100,13,35.00,70.0,96.67,1376.15,1343.91,32.24
106.0,100,13,35.00,70.0,96.67,1376.15,1343.91,32.24
106.0,100,13,35.00,70.0,96.67,1376.15,1343.91,32.24
106.0,100,13,35.00,70.0,96.67,1376.15,1343.91,32.24
106.0,100,13,35.00,70.0,96.67,1376.15,1343.91,32.24
107.0,100,12,63.33,70.0,90.56,1366.90,1334.87,32.03
107.0,100,13,36.67,110.0,95.00,1366.90,1334.87,32.03
107.0,100,13,36.67,110.0,95.00,1366.90,1334.87,32.03
107.0,100,13,36.67,110.0,95.00,1366.90,1334.87,32.03
107.0,100,13,36.67,110.0,95.00,1366.90,1334.87,32.03
107.0,100,13,36.67,110.0,95.00,1366.90,1334.87,32.03
107.0,100,13,36.67,110.0,95.00,1366.90,1334.87,32.03
107.0,100,13,36.67,110.0,95.00,1366.90,1334.87,32.03
107.0,100,13,36.67,110.0,95.00,1366.90,1334.87,32.03
107.0,100,13,36.67,110.0,95.00,1366.90,1334.87,32.03
107.0,100,13,36.67,110.0,95.00,1366.90,1334.87,32.03
107.0,100,13,36.67,110.0,95.00,1366.90,1334.87,32.03
107.0,100,13,36.67,110.0,95.00,1366.90,1334.87,32.03
107.0,100,13,36.67,110.0,95.00,1366.90,1334.87,32.03
107.0,100,13,36.67,110.0,95.00,1366.90,1334.87,32.03
108.0,100,12,70.00,110.0,86.11,1371.00,1338.69,32.31
108.0,100,13,36.67,110.0,95.00,1371.00,1338.69,32.31
108.0,100,13,36.67,110.0,95.00,1371.00,1338.69,32.31
108.0,100,13,36.67,110.0,95.00,1371.00,1338.69,32.31
108.0,100,13,36.67,110.0,95.00,1371.00,1338.69,32.31
108.0,100,13,36.67,110.0,95.00,1371.00,1338.69,32.31
108.0,100,13,36.67,110.0,95.00,1371.00,1338.69,32.31
109.0,100,12,63.33,70.0,90.56,1362.35,1329.94,32.41
109.0,100,13,35.00,70.0,96.67,1362.35,1329.94,32.41
109.0,100,13,35.00,70.0,96.67,1362.35,1329.94,32.41
109.0,100,13,35.00,70.0,96.67,1362.35,1329.94,32.41
110.0,100,12,53.33,70.0,92.22,1349.76,1317.62,32.13
110.0,100,13,36.67,110.0,95.00,1349.76,1317.62,32.13
110.0,100,13,36.67,110.0,95.00,1349.76,1317.62,32.13
111.0,100,12,60.00,110.0,88.33,1343.13,1311.08,32.05
111.0,100,13,42.50,110.0,92.22,1343.13,1311.08,32.05
111.0,100,13,42.50,110.0,92.22,1343.13,1311.08,32.05
111.0,100,13,42.50,110.0,92.22,1343.13,1311.08,32.05
112.0,100,12,90.00,70.0,81.67,1352.50,1320.18,32.32
112.0,100,13,52.50,70.0,90.00,1352.50,1320.18,32.32
112.0,100,13,52.50,70.0,90.00,1352.50,1320.18,32.32
113.0,100,12,82.50,40.0,83.33,1350.29,1317.94,32.35
113.0,100,12,82.50,40.0,83.33,1350.29,1317.94,32.35
113.0,100,12,82.50,40.0,83.33,1350.29,1317.94,32.35
113.0,100,12,82.50,40.0,83.33,1350.29,1317.94,32.35
113.0,100,12,82.50,40.0,83.33,1350.29,1317.94,32.35
113.0,100,12,82.50,40.0,83.33,1350.29,1317.94,32.35
113.0,100,12,82.50,40.0,83.33,1350.29,1317.94,32.35
114.0,100,11,117.50,40.0,75.56,1346.63,1314.36,32.27
114.0,100,12,90.00,40.0,86.11,1346.63,1314.36,32.27
115.0,100,11,100.00,40.0,79.44,1345.52,1313.16,32.36
115.0,100,11,100.00,40.0,79.44,1345.52,1313.16,32.36
115.0,100,11,100.00,40.0,79.44,1345.52,1313.16,32.36
116.0,100,10,127.50,0.0,73.33,1334.32,1302.22,32.10
117.0,100,9,132.00,0.0,65.56,1334.66,1302.47,32.19
117.0,100,9,132.00,0.0,65.56,1334.66,1302.47,32.19
117.0,100,9,132.00,0.0,65.56,1334.66,1302.47,32.19
117.0,100,9,132.00,0.0,65.56,1334.66,1302.47,32.19
117.0,100,9,132.00,0.0,65.56,1334.66,1302.47,32.19
117.0,100,9,132.00,0.0,65.56,1334.66,1302.47,32.19
117.0,100,9,132.00,0.0,65.56,1334.66,1302.47,32.19
117.0,100,9,132.00,0.0,65.56,1334.66,1302.47,32.19
117.0,100,9,132.00,0.0,65.56,1334.66,1302.47,32.19
118.0,100,8,152.00,0.0,60.00,1326.89,1294.72,32.17
119.0,100,11,135.00,0.0,72.22,1332.53,1300.16,32.36
119.0,100,12,62.50,30.0,88.33,1332.53,1300.16,32.36
119.0,100,12,62.50,30.0,88.33,1332.53,1300.16,32.36
119.0,100,12,62.50,30.0,88.33,1332.53,1300.16,32.36
119.0,100,12,62.50,30.0,88.33,1332.53,1300.16,32.36
119.0,100,12,62.50,30.0,88.33,1332.53,1300.16,32.36
119.0,100,12,62.50,30.0,88.33,1332.53,1300.16,32.36
119.0,100,12,62.50,30.0,88.33,1332.53,1300.16,32.36
119.0,100,12,62.50,30.0,88.33,1332.53,1300.16,32.36
119.0,100,12,62.50,30.0,88.33,1332.53,1300.16,32.36
119.0,100,12,62.50,30.0,88.33,1332.53,1300.16,32.36
119.0,100,12,62.50,30.0,88.33,1332.53,1300.16,32.36
120.0,100,11,135.00,0.0,72.22,1322.93,1290.87,32.07
121.0,100,11,82.50,0.0,83.89,1313.23,1281.29,31.94
121.0,100,11,82.50,0.0,83.89,1313.23,1281.29,31.94
121.0,100,11,82.50,0.0,83.89,1313.23,1281.29,31.94
121.0,100,11,82.50,0.0,83.89,1313.23,1281.29,31.94
121.0,100,11,82.50,0.0,83.89,1313.23,1281.29,31.94
121.0,100,11,82.50,0.0,83.89,1313.23,1281.29,31.94
121.0,100,11,82.50,0.0,83.89,1313.23,1281.29,31.94
121.0,100,11,82.50,0.0,83.89,1313.23,1281.29,31.94
122.0,100,10,78.00,0.0,81.11,1301.33,1269.63,31.70
122.0,100,10,78.00,0.0,81.11,1301.33,1269.63,31.70
122.0,100,10,78.00,0.0,81.11,1301.33,1269.63,31.70
122.0,100,10,78.00,0.0,81.11,1301.33,1269.63,31.70
122.0,100,10,78.00,0.0,81.11,1301.33,1269.63,31.70
122.0,100,10,78.00,0.0,81.11,1301.33,1269.63,31.70
123.0,100,9,92.00,0.0,77.22,1292.42,1260.79,31.63
124.0,100,8,130.00,0.0,66.67,1316.20,1284.69,31.51
124.0,100,10,58.00,40.0,86.67,1316.20,1284.69,31.51
124.0,100,10,58.00,40.0,86.67,1316.20,1284.69,31.51
124.0,100,10,58.00,40.0,86.67,1316.20,1284.69,31.51
124.0,100,10,58.00,40.0,86.67,1316.20,1284.69,31.51
125.0,100,9,70.00,40.0,79.44,1304.54,1273.20,31.34
125.0,100,9,70.00,40.0,79.44,1304.54,1273.20,31.34
126.0,100,8,94.00,40.0,76.11,1299.23,1267.65,31.58
126.0,100,9,52.00,60.0,87.78,1299.23,1267.65,31.58
126.0,100,9,52.00,60.0,87.78,1299.23,1267.65,31.58
126.0,100,9,52.00,60.0,87.78,1299.23,1267.65,31.58
126.0,100,9,52.00,60.0,87.78,1299.23,1267.65,31.58
126.0,100,9,52.00,60.0,87.78,1299.23,1267.65,31.58
126.0,100,9,52.00,60.0,87.78,1299.23,1267.65,31.58
126.0,100,9,52.00,60.0,87.78,1299.23,1267.65,31.58
126.0,100,9,52.00,60.0,87.78,1299.23,1267.65,31.58
126.0,100,9,52.00,60.0,87.78,1299.23,1267.65,31.58
127.0,100,8,84.00,60.0,78.89,1298.94,1267.27,31.67
127.0,100,9,44.00,80.0,90.00,1298.94,1267.27,31.67
127.0,100,9,44.00,80.0,90.00,1298.94,1267.27,31.67
128.0,100,8,80.00,80.0,80.00,1298.94,1267.27,31.67
128.0,100,9,32.00,110.0,93.33,1298.94,1267.27,31.67
128.0,100,9,32.00,110.0,93.33,1298.94,1267.27,31.67
128.0,100,9,32.00,110.0,93.33,1298.94,1267.27,31.67
129.0,100,8,84.00,90.0,78.89,1298.94,1267.27,31.67
129.0,100,9,32.00,110.0,93.33,1298.94,1267.27,31.67
129.0,100,9,32.00,110.0,93.33,1298.94,1267.27,31.67
129.0,100,9,32.00,110.0,93.33,1298.94,1267.27,31.67
129.0,100,9,32.00,110.0,93.33,1298.94,1267.27,31.67
129.0,100,9,32.00,110.0,93.33,1298.94,1267.27,31.67
129.0,100,9,32.00,110.0,93.33,1298.94,1267.27,31.67
129.0,100,9,32.00,110.0,93.33,1298.94,1267.27,31.67
129.0,100,9,32.00,110.0,93.33,1298.94,1267.27,31.67
129.0,100,9,32.00,110.0,93.33,1298.94,1267.27,31.67
129.0,100,9,32.00,110.0,93.33,1298.94,1267.27,31.67
129.0,100,9,32.00,110.0,93.33,1298.94,1267.27,31.67
129.0,100,9,32.00,110.0,93.33,1298.94,1267.27,31.67
129.0,100,9,32.00,110.0,93.33,1298.94,1267.27,31.67
129.0,100,9,32.00,110.0,93.33,1298.94,1267.27,31.67
129.0,100,9,32.00,110.0,93.33,1298.94,1267.27,31.67
129.0,100,9,32.00,110.0,93.33,1298.94,1267.27,31.67
129.0,100,9,32.00,110.0,93.33,1298.94,1267.27,31.67
129.0,100,9,32.00,110.0,93.33,1298.94,1267.27,31.67
129.0,100,9,32.00,110.0,93.33,1298.94,1267.27,31.67
129.0,100,9,32.00,110.0,93.33,1298.94,1267.27,31.67
129.0,100,9,32.00,110.0,93.33,1298.94,1267.27,31.67
129.0,100,9,32.00,110.0,93.33,1298.94,1267.27,31.67
129.0,100,9,32.00,110.0,93.33,1298.94,1267.27,31.67
129.0,100,9,32.00,110.0,93.33,1298.94,1267.27,31.67
129.0,100,9,32.00,110.0,93.33,1298.94,1267.27,31.67
130.0,100,8,44.00,110.0,90.00,1298.94,1267.27,31.67
130.0,100,9,34.00,110.0,92.78,1298.94,1267.27,31.67
130.0,100,9,34.00,110.0,92.78,1298.94,1267.27,31.67
130.0,100,9,34.00,110.0,92.78,1298.94,1267.27,31.67
130.0,100,9,34.00,110.0,92.78,1298.94,1267.27,31.67
130.0,100,9,34.00,110.0,92.78,1298.94,1267.27,31.67
130.0,100,9,34.00,110.0,92.78,1298.94,1267.27,31.67
131.0,100,8,64.00,70.0,84.44,1298.94,1267.27,31.67
132.0,100,8,82.50,40.0,83.33,1298.94,1267.27,31.67
132.0,100,9,30.00,60.0,95.00,1298.94,1267.27,31.67
132.0,100,9,30.00,60.0,95.00,1298.94,1267.27,31.67
132.0,100,9,30.00,60.0,95.00,1298.94,1267.27,31.67
132.0,100,9,30.00,60.0,95.00,1298.94,1267.27,31.67
132.0,100,9,30.00,60.0,95.00,1298.94,1267.27,31.67
132.0,100,9,30.00,60.0,95.00,1298.94,1267.27,31.67
133.0,100,8,90.00,60.0,81.67,1298.94,1267.27,31.67
133.0,100,9,27.50,60.0,95.56,1298.94,1267.27,31.67
133.0,100,9,27.50,60.0,95.56,1298.94,1267.27,31.67
134.0,100,8,34.00,60.0,92.78,1298.94,1267.27,31.67
134.0,100,8,34.00,60.0,92.78,1298.94,1267.27,31.67
135.0,100,7,92.50,20.0,81.11,1298.94,1267.27,31.67
136.0,100,7,85.00,20.0,83.33,1298.94,1267.27,31.67
136.0,100,8,43.33,20.0,94.44,1298.94,1267.27,31.67
136.0,100,8,43.33,20.0,94.44,1298.94,1267.27,31.67
136.0,100,8,43.33,20.0,94.44,1298.94,1267.27,31.67
136.0,100,8,43.33,20.0,94.44,1298.94,1267.27,31.67
137.0,100,7,113.33,20.0,82.78,1298.94,1267.27,31.67
137.0,100,8,40.00,60.0,95.00,1298.94,1267.27,31.67
137.0,100,8,40.00,60.0,95.00,1298.94,1267.27,31.67
138.0,100,7,82.50,60.0,83.89,1298.94,1267.27,31.67
138.0,100,8,35.00,80.0,94.44,1298.94,1267.27,31.67
138.0,100,8,35.00,80.0,94.44,1298.94,1267.27,31.67
138.0,100,8,35.00,80.0,94.44,1298.94,1267.27,31.67
138.0,100,8,35.00,80.0,94.44,1298.94,1267.27,31.67
139.0,100,7,90.00,40.0,82.22,1298.94,1267.27,31.67
139.0,100,8,33.33,40.0,96.11,1298.94,1267.27,31.67
139.0,100,8,33.33,40.0,96.11,1298.94,1267.27,31.67
139.0,100,8,33.33,40.0,96.11,1298.94,1267.27,31.67
139.0,100,8,33.33,40.0,96.11,1298.94,1267.27,31.67
139.0,100,8,33.33,40.0,96.11,1298.94,1267.27,31.67
139.0,100,8,33.33,40.0,96.11,1298.94,1267.27,31.67
139.0,100,8,33.33,40.0,96.11,1298.94,1267.27,31.67
139.0,100,8,33.33,40.0,96.11,1298.94,1267.27,31.67
139.0,100,8,33.33,40.0,96.11,1298.94,1267.27,31.67
139.0,100,8,33.33,40.0,96.11,1298.94,1267.27,31.67
139.0,100,8,33.33,40.0,96.11,1298.94,1267.27,31.67
140.0,100,7,126.67,20.0,80.56,1298.94,1267.27,31.67
141.0,100,7,80.00,20.0,92.22,1298.94,1267.27,31.67
141.0,100,8,20.00,20.0,99.44,1298.94,1267.27,31.67
141.0,100,8,20.00,20.0,99.44,1298.94,1267.27,31.67
141.0,100,8,20.00,20.0,99.44,1298.94,1267.27,31.67
141.0,100,8,20.00,20.0,99.44,1298.94,1267.27,31.67
141.0,100,8,20.00,20.0,99.44,1298.94,1267.27,31.67
141.0,100,8,20.00,20.0,99.44,1298.94,1267.27,31.67
141.0,100,8,20.00,20.0,99.44,1298.94,1267.27,31.67
141.0,100,8,20.00,20.0,99.44,1298.94,1267.27,31.67
141.0,100,8,20.00,20.0,99.44,1298.94,1267.27,31.67
141.0,100,8,20.00,20.0,99.44,1298.94,1267.27,31.67
141.0,100,8,20.00,20.0,99.44,1298.94,1267.27,31.67
141.0,100,8,20.00,20.0,99.44,1298.94,1267.27,31.67
141.0,100,8,20.00,20.0,99.44,1298.94,1267.27,31.67
141.0,100,8,20.00,20.0,99.44,1298.94,1267.27,31.67
141.0,100,8,20.00,20.0,99.44,1298.94,1267.27,31.67
141.0,100,8,20.00,20.0,99.44,1298.94,1267.27,31.67
141.0,100,8,20.00,20.0,99.44,1298.94,1267.27,31.67
141.0,100,8,20.00,20.0,99.44,1298.94,1267.27,31.67
141.0,100,8,20.00,20.0,99.44,1298.94,1267.27,31.67
141.0,100,8,20.00,20.0,99.44,1298.94,1267.27,31.67
141.0,100,8,20.00,20.0,99.44,1298.94,1267.27,31.67
141.0,100,8,20.00,20.0,99.44,1298.94,1267.27,31.67
141.0,100,8,20.00,20.0,99.44,1298.94,1267.27,31.67
141.0,100,8,20.00,20.0,99.44,1298.94,1267.27,31.67
142.0,100,7,140.00,20.0,85.56,1298.94,1267.27,31.67
142.0,100,9,30.00,60.0,97.78,1298.94,1267.27,31.67
142.0,100,9,30.00,60.0,97.78,1298.94,1267.27,31.67
143.0,100,8,160.00,40.0,83.33,1298.94,1267.27,31.67
143.0,100,9,50.00,40.0,95.56,1298.94,1267.27,31.67
143.0,100,9,50.00,40.0,95.56,1298.94,1267.27,31.67
143.0,100,9,50.00,40.0,95.56,1298.94,1267.27,31.67
143.0,100,9,50.00,40.0,95.56,1298.94,1267.27,31.67
143.0,100,9,50.00,40.0,95.56,1298.94,1267.27,31.67
143.0,100,9,50.00,40.0,95.56,1298.94,1267.27,31.67
143.0,100,9,50.00,40.0,95.56,1298.94,1267.27,31.67
143.0,100,9,50.00,40.0,95.56,1298.94,1267.27,31.67
143.0,100,9,50.00,40.0,95.56,1298.94,1267.27,31.67
144.0,100,8,113.33,40.0,82.22,1298.94,1267.27,31.67
144.0,100,9,40.00,60.0,94.44,1298.94,1267.27,31.67
144.0,100,9,40.00,60.0,94.44,1298.94,1267.27,31.67
144.0,100,9,40.00,60.0,94.44,1298.94,1267.27,31.67
144.0,100,9,40.00,60.0,94.44,1298.94,1267.27,31.67
144.0,100,9,40.00,60.0,94.44,1298.94,1267.27,31.67
145.0,100,8,77.50,60.0,84.44,1298.94,1267.27,31.67
145.0,100,9,40.00,60.0,94.44,1298.94,1267.27,31.67
145.0,100,9,40.00,60.0,94.44,1298.94,1267.27,31.67
145.0,100,9,40.00,60.0,94.44,1298.94,1267.27,31.67
145.0,100,9,40.00,60.0,94.44,1298.94,1267.27,31.67
145.0,100,9,40.00,60.0,94.44,1298.94,1267.27,31.67
145.0,100,9,40.00,60.0,94.44,1298.94,1267.27,31.67
145.0,100,9,40.00,60.0,94.44,1298.94,1267.27,31.67
145.0,100,9,40.00,60.0,94.44,1298.94,1267.27,31.67
145.0,100,9,40.00,60.0,94.44,1298.94,1267.27,31.67
145.0,100,9,40.00,60.0,94.44,1298.94,1267.27,31.67
145.0,100,9,40.00,60.0,94.44,1298.94,1267.27,31.67
145.0,100,9,40.00,60.0,94.44,1298.94,1267.27,31.67
145.0,100,9,40.00,60.0,94.44,1298.94,1267.27,31.67
145.0,100,9,40.00,60.0,94.44,1298.94,1267.27,31.67
145.0,100,9,40.00,60.0,94.44,1298.94,1267.27,31.67
145.0,100,9,40.00,60.0,94.44,1298.94,1267.27,31.67
145.0,100,9,40.00,60.0,94.44,1298.94,1267.27,31.67
145.0,100,9,40.00,60.0,94.44,1298.94,1267.27,31.67
145.0,100,9,40.00,60.0,94.44,1298.94,1267.27,31.67
145.0,100,9,40.00,60.0,94.44,1298.94,1267.27,31.67
145.0,100,9,40.00,60.0,94.44,1298.94,1267.27,31.67
145.0,100,9,40.00,60.0,94.44,1298.94,1267.27,31.67
146.0,100,8,136.67,60.0,78.33,1298.94,1267.27,31.67
146.0,100,10,30.00,90.0,96.11,1298.94,1267.27,31.67
146.0,100,10,30.00,90.0,96.11,1298.94,1267.27,31.67
147.0,100,9,66.67,50.0,90.00,1298.94,1267.27,31.67
147.0,100,10,23.33,70.0,97.22,1298.94,1267.27,31.67
147.0,100,10,23.33,70.0,97.22,1298.94,1267.27,31.67
147.0,100,10,23.33,70.0,97.22,1298.94,1267.27,31.67
147.0,100,10,23.33,70.0,97.22,1298.94,1267.27,31.67
148.0,100,9,67.50,70.0,86.67,1298.94,1267.27,31.67
148.0,100,10,22.50,90.0,96.67,1298.94,1267.27,31.67
148.0,100,10,22.50,90.0,96.67,1298.94,1267.27,31.67
149.0,100,9,46.00,90.0,89.44,1298.94,1267.27,31.67
149.0,100,10,22.50,90.0,96.67,1298.94,1267.27,31.67
149.0,100,10,22.50,90.0,96.67,1298.94,1267.27,31.67
149.0,100,10,22.50,90.0,96.67,1298.94,1267.27,31.67
150.0,100,9,85.00,70.0,82.78,1298.94,1267.27,31.67
150.0,100,10,37.50,70.0,93.33,1298.94,1267.27,31.67
150.0,100,10,37.50,70.0,93.33,1298.94,1267.27,31.67
150.0,100,10,37.50,70.0,93.33,1298.94,1267.27,31.67
150.0,100,10,37.50,70.0,93.33,1298.94,1267.27,31.67
150.0,100,10,37.50,70.0,93.33,1298.94,1267.27,31.67
150.0,100,10,37.50,70.0,93.33,1298.94,1267.27,31.67
150.0,100,10,37.50,70.0,93.33,1298.94,1267.27,31.67
150.0,100,10,37.50,70.0,93.33,1298.94,1267.27,31.67
150.0,100,10,37.50,70.0,93.33,1298.94,1267.27,31.67
150.0,100,10,37.50,70.0,93.33,1298.94,1267.27,31.67
151.0,100,9,92.50,50.0,81.11,1298.94,1267.27,31.67
151.0,100,10,40.00,80.0,92.78,1298.94,1267.27,31.67
151.0,100,10,40.00,80.0,92.78,1298.94,1267.27,31.67
151.0,100,10,40.00,80.0,92.78,1298.94,1267.27,31.67
151.0,100,10,40.00,80.0,92.78,1298.94,1267.27,31.67
151.0,100,10,40.00,80.0,92.78,1298.94,1267.27,31.67
151.0,100,10,40.00,80.0,92.78,1298.94,1267.27,31.67
151.0,100,10,40.00,80.0,92.78,1298.94,1267.27,31.67
151.0,100,10,40.00,80.0,92.78,1298.94,1267.27,31.67
152.0,100,9,87.50,80.0,82.22,1298.94,1267.27,31.67
152.0,100,10,35.00,80.0,93.89,1298.94,1267.27,31.67
152.0,100,10,35.00,80.0,93.89,1298.94,1267.27,31.67
153.0,100,9,66.00,80.0,83.89,1298.94,1267.27,31.67
153.0,100,10,35.00,80.0,93.89,1298.94,1267.27,31.67
153.0,100,10,35.00,80.0,93.89,1298.94,1267.27,31.67
153.0,100,10,35.00,80.0,93.89,1298.94,1267.27,31.67
154.0,100,9,52.00,80.0,87.78,1298.94,1267.27,31.67
154.0,100,10,32.00,100.0,93.33,1298.94,1267.27,31.67
154.0,100,10,32.00,100.0,93.33,1298.94,1267.27,31.67
155.0,100,9,74.00,100.0,81.67,1298.94,1267.27,31.67
155.0,100,11,32.00,100.0,93.33,1298.94,1267.27,31.67
155.0,100,11,32.00,100.0,93.33,1298.94,1267.27,31.67
155.0,100,11,32.00,100.0,93.33,1298.94,1267.27,31.67
155.0,100,11,32.00,100.0,93.33,1298.94,1267.27,31.67
155.0,100,11,32.00,100.0,93.33,1298.94,1267.27,31.67
155.0,100,11,32.00,100.0,93.33,1298.94,1267.27,31.67
155.0,100,11,32.00,100.0,93.33,1298.94,1267.27,31.67
155.0,100,11,32.00,100.0,93.33,1298.94,1267.27,31.67
155.0,100,11,32.00,100.0,93.33,1298.94,1267.27,31.67
155.0,100,11,32.00,100.0,93.33,1298.94,1267.27,31.67